timestamp,height,C_M,Ri_g,z_llj,h_inv
0.0000,1.00,0.000000,-0.011972,45.0000,15.0000
0.0000,1.40,0.551316,-0.016713,45.0000,15.0000
0.0000,1.79,0.830978,-0.021446,45.0000,15.0000
0.0000,2.19,0.924762,-0.026152,45.0000,15.0000
0.0000,2.58,0.960898,-0.030832,45.0000,15.0000
0.0000,2.98,0.977263,-0.035486,45.0000,15.0000
0.0000,3.38,0.985656,-0.040117,45.0000,15.0000
0.0000,3.77,0.990384,-0.044725,45.0000,15.0000
0.0000,4.17,0.993243,-0.049312,45.0000,15.0000
0.0000,4.56,0.995072,-0.053879,45.0000,15.0000
0.0000,4.96,0.996295,-0.058427,45.0000,15.0000
0.0000,5.36,0.495058,0.006126,45.0000,15.0000
0.0000,5.75,0.270738,0.006575,45.0000,15.0000
0.0000,6.15,0.431889,0.007023,45.0000,15.0000
0.0000,6.54,0.947986,0.007472,45.0000,15.0000
0.0000,6.94,0.886586,0.007920,45.0000,15.0000
0.0000,7.34,0.914578,0.008367,45.0000,15.0000
0.0000,7.73,0.919586,0.008814,45.0000,15.0000
0.0000,8.13,0.914829,0.009261,45.0000,15.0000
0.0000,8.52,0.954894,0.009708,45.0000,15.0000
0.0000,8.92,0.780853,0.010155,45.0000,15.0000
0.0000,9.32,0.746482,0.010601,45.0000,15.0000
0.0000,9.71,0.489641,0.011046,45.0000,15.0000
0.0000,10.11,0.999032,-0.000581,45.0000,15.0000
0.0000,10.50,0.999063,-0.000603,45.0000,15.0000
0.0000,10.90,0.999090,-0.000626,45.0000,15.0000
0.0000,11.30,0.999115,-0.000648,45.0000,15.0000
0.0000,11.69,0.999138,-0.000671,45.0000,15.0000
0.0000,12.09,0.999159,-0.000693,45.0000,15.0000
0.0000,12.48,0.999177,-0.000716,45.0000,15.0000
0.0000,12.88,0.999194,-0.000738,45.0000,15.0000
0.0000,13.28,0.999210,-0.000761,45.0000,15.0000
0.0000,13.67,0.999224,-0.000783,45.0000,15.0000
0.0000,14.07,0.999238,-0.000806,45.0000,15.0000
0.0000,14.46,0.999250,-0.000828,45.0000,15.0000
0.0000,14.86,0.999261,-0.000851,45.0000,15.0000
0.0000,15.26,0.999271,-0.000873,45.0000,15.0000
0.0000,15.65,0.999280,-0.000896,45.0000,15.0000
0.0000,16.05,0.999288,-0.000918,45.0000,15.0000
0.0000,16.44,0.999296,-0.000941,45.0000,15.0000
0.0000,16.84,0.999302,-0.000963,45.0000,15.0000
0.0000,17.23,0.999309,-0.000985,45.0000,15.0000
0.0000,17.63,0.999314,-0.001008,45.0000,15.0000
0.0000,18.03,0.999319,-0.001030,45.0000,15.0000
0.0000,18.42,0.999323,-0.001053,45.0000,15.0000
0.0000,18.82,0.999327,-0.001075,45.0000,15.0000
0.0000,19.21,0.999330,-0.001098,45.0000,15.0000
0.0000,19.61,0.999333,-0.001120,45.0000,15.0000
0.0000,20.01,0.983205,0.001135,45.0000,15.0000
0.0000,20.40,0.999162,0.001157,45.0000,15.0000
0.0000,20.80,0.998765,0.001179,45.0000,15.0000
0.0000,21.19,0.999153,0.001202,45.0000,15.0000
0.0000,21.59,0.999082,0.001224,45.0000,15.0000
0.0000,21.99,0.999112,0.001247,45.0000,15.0000
0.0000,22.38,0.999114,0.001269,45.0000,15.0000
0.0000,22.78,0.999121,0.001291,45.0000,15.0000
0.0000,23.17,0.999126,0.001314,45.0000,15.0000
0.0000,23.57,0.999130,0.001336,45.0000,15.0000
0.0000,23.97,0.999134,0.001359,45.0000,15.0000
0.0000,24.36,0.999135,0.001381,45.0000,15.0000
0.0000,24.76,0.999136,0.001403,45.0000,15.0000
0.0000,25.15,0.999136,0.001426,45.0000,15.0000
0.0000,25.55,0.999134,0.001448,45.0000,15.0000
0.0000,25.95,0.999131,0.001471,45.0000,15.0000
0.0000,26.34,0.999126,0.001493,45.0000,15.0000
0.0000,26.74,0.999119,0.001515,45.0000,15.0000
0.0000,27.13,0.999111,0.001538,45.0000,15.0000
0.0000,27.53,0.999097,0.001560,45.0000,15.0000
0.0000,27.93,0.999096,0.001583,45.0000,15.0000
0.0000,28.32,0.999033,0.001605,45.0000,15.0000
0.0000,28.72,0.999130,0.001627,45.0000,15.0000
0.0000,29.11,0.997887,0.001650,45.0000,15.0000
0.0000,29.51,0.990761,0.001672,45.0000,15.0000
0.0000,29.91,0.510424,0.001695,45.0000,15.0000
0.0000,30.30,0.987618,0.000004,45.0000,15.0000
0.0000,30.70,0.998394,0.000004,45.0000,15.0000
0.0000,31.09,0.998707,0.000004,45.0000,15.0000
0.0000,31.49,0.998799,0.000004,45.0000,15.0000
0.0000,31.89,0.998677,0.000004,45.0000,15.0000
0.0000,32.28,0.998582,0.000004,45.0000,15.0000
0.0000,32.68,0.998449,0.000004,45.0000,15.0000
0.0000,33.07,0.998291,0.000004,45.0000,15.0000
0.0000,33.47,0.998091,0.000005,45.0000,15.0000
0.0000,33.87,0.997835,0.000005,45.0000,15.0000
0.0000,34.26,0.997494,0.000005,45.0000,15.0000
0.0000,34.66,0.997019,0.000005,45.0000,15.0000
0.0000,35.05,0.996315,0.000005,45.0000,15.0000
0.0000,35.45,0.995164,0.000005,45.0000,15.0000
0.0000,35.85,0.992954,0.000005,45.0000,15.0000
0.0000,36.24,0.986959,0.000005,45.0000,15.0000
0.0000,36.64,0.913774,0.000005,45.0000,15.0000
0.0000,37.03,0.981733,0.000005,45.0000,15.0000
0.0000,37.43,0.992240,0.000005,45.0000,15.0000
0.0000,37.83,0.992752,0.000005,45.0000,15.0000
0.0000,38.22,0.995158,0.000005,45.0000,15.0000
0.0000,38.62,0.939344,0.000005,45.0000,15.0000
0.0000,39.01,0.732798,0.000005,45.0000,15.0000
0.0000,39.41,0.532137,0.000005,45.0000,15.0000
0.0000,39.81,0.500836,0.000005,45.0000,15.0000
0.0000,40.20,0.998714,-0.034001,45.0000,15.0000
0.0000,40.60,0.998849,-0.034336,45.0000,15.0000
0.0000,40.99,0.998951,-0.034670,45.0000,15.0000
0.0000,41.39,0.999030,-0.035005,45.0000,15.0000
0.0000,41.79,0.999093,-0.035339,45.0000,15.0000
0.0000,42.18,0.999144,-0.035674,45.0000,15.0000
0.0000,42.58,0.999185,-0.036008,45.0000,15.0000
0.0000,42.97,0.999218,-0.036343,45.0000,15.0000
0.0000,43.37,0.999245,-0.036677,45.0000,15.0000
0.0000,43.77,0.999266,-0.037012,45.0000,15.0000
0.0000,44.16,0.999283,-0.037346,45.0000,15.0000
0.0000,44.56,0.999295,-0.037681,45.0000,15.0000
0.0000,44.95,0.999304,-0.038015,45.0000,15.0000
0.0000,45.35,0.999309,-0.038350,45.0000,15.0000
0.0000,45.74,0.999311,-0.038685,45.0000,15.0000
0.0000,46.14,0.999309,-0.039019,45.0000,15.0000
0.0000,46.54,0.999304,-0.039354,45.0000,15.0000
0.0000,46.93,0.999295,-0.039688,45.0000,15.0000
0.0000,47.33,0.999282,-0.040023,45.0000,15.0000
0.0000,47.72,0.999264,-0.040358,45.0000,15.0000
0.0000,48.12,0.999242,-0.040692,45.0000,15.0000
0.0000,48.52,0.999213,-0.041027,45.0000,15.0000
0.0000,48.91,0.999177,-0.041362,45.0000,15.0000
0.0000,49.31,0.999132,-0.041696,45.0000,15.0000
0.0000,49.70,0.999074,-0.042031,45.0000,15.0000
0.0000,50.10,0.535892,0.000266,45.0000,15.0000
0.0000,50.50,0.744187,0.000268,45.0000,15.0000
0.0000,50.89,0.965886,0.000270,45.0000,15.0000
0.0000,51.29,0.994441,0.000272,45.0000,15.0000
0.0000,51.68,0.998567,0.000274,45.0000,15.0000
0.0000,52.08,0.998268,0.000276,45.0000,15.0000
0.0000,52.48,0.998237,0.000279,45.0000,15.0000
0.0000,52.87,0.998028,0.000281,45.0000,15.0000
0.0000,53.27,0.997821,0.000283,45.0000,15.0000
0.0000,53.66,0.997562,0.000285,45.0000,15.0000
0.0000,54.06,0.997253,0.000287,45.0000,15.0000
0.0000,54.46,0.996877,0.000289,45.0000,15.0000
0.0000,54.85,0.996412,0.000291,45.0000,15.0000
0.0000,55.25,0.995831,0.000293,45.0000,15.0000
0.0000,55.64,0.995092,0.000295,45.0000,15.0000
0.0000,56.04,0.994131,0.000298,45.0000,15.0000
0.0000,56.44,0.992855,0.000300,45.0000,15.0000
0.0000,56.83,0.991090,0.000302,45.0000,15.0000
0.0000,57.23,0.988638,0.000304,45.0000,15.0000
0.0000,57.62,0.984592,0.000306,45.0000,15.0000
0.0000,58.02,0.977712,0.000308,45.0000,15.0000
0.0000,58.42,0.925318,0.000310,45.0000,15.0000
0.0000,58.81,0.646951,0.000312,45.0000,15.0000
0.0000,59.21,0.507038,0.000314,45.0000,15.0000
0.0000,59.60,0.500923,0.000316,45.0000,15.0000
0.0000,60.00,0.499565,0.000319,45.0000,15.0000
0.5000,1.00,0.499975,0.003718,44.1667,15.8333
0.5000,1.40,0.494475,0.005190,44.1667,15.8333
0.5000,1.79,0.494804,0.006661,44.1667,15.8333
0.5000,2.19,0.468170,0.008126,44.1667,15.8333
0.5000,2.58,0.463721,0.009586,44.1667,15.8333
0.5000,2.98,0.440560,0.011042,44.1667,15.8333
0.5000,3.38,0.411699,0.012492,44.1667,15.8333
0.5000,3.77,0.407341,0.013938,44.1667,15.8333
0.5000,4.17,0.067293,0.015380,44.1667,15.8333
0.5000,4.56,0.471401,0.016818,44.1667,15.8333
0.5000,4.96,0.498367,0.018252,44.1667,15.8333
0.5000,5.36,0.480142,0.034172,44.1667,15.8333
0.5000,5.75,0.390571,0.036670,44.1667,15.8333
0.5000,6.15,0.431507,0.039165,44.1667,15.8333
0.5000,6.54,0.413852,0.041657,44.1667,15.8333
0.5000,6.94,0.410497,0.044147,44.1667,15.8333
0.5000,7.34,0.405145,0.046634,44.1667,15.8333
0.5000,7.73,0.396901,0.049119,44.1667,15.8333
0.5000,8.13,0.408843,0.051601,44.1667,15.8333
0.5000,8.52,0.319923,0.054081,44.1667,15.8333
0.5000,8.92,0.468986,0.056559,44.1667,15.8333
0.5000,9.32,0.468192,0.059034,44.1667,15.8333
0.5000,9.71,0.499740,0.061507,44.1667,15.8333
0.5000,10.11,0.481894,0.009777,44.1667,15.8333
0.5000,10.50,0.256379,0.010158,44.1667,15.8333
0.5000,10.90,0.983766,0.010538,44.1667,15.8333
0.5000,11.30,0.938695,0.010918,44.1667,15.8333
0.5000,11.69,0.977390,0.011298,44.1667,15.8333
0.5000,12.09,0.968542,0.011678,44.1667,15.8333
0.5000,12.48,0.970853,0.012059,44.1667,15.8333
0.5000,12.88,0.970098,0.012438,44.1667,15.8333
0.5000,13.28,0.970230,0.012818,44.1667,15.8333
0.5000,13.67,0.970181,0.013198,44.1667,15.8333
0.5000,14.07,0.970224,0.013578,44.1667,15.8333
0.5000,14.46,0.970274,0.013958,44.1667,15.8333
0.5000,14.86,0.970339,0.014337,44.1667,15.8333
0.5000,15.26,0.970406,0.014717,44.1667,15.8333
0.5000,15.65,0.970459,0.015097,44.1667,15.8333
0.5000,16.05,0.970507,0.015476,44.1667,15.8333
0.5000,16.44,0.970471,0.015856,44.1667,15.8333
0.5000,16.84,0.970592,0.016235,44.1667,15.8333
0.5000,17.23,0.969920,0.016615,44.1667,15.8333
0.5000,17.63,0.971934,0.016994,44.1667,15.8333
0.5000,18.03,0.963120,0.017373,44.1667,15.8333
0.5000,18.42,0.989123,0.017753,44.1667,15.8333
0.5000,18.82,0.802470,0.018132,44.1667,15.8333
0.5000,19.21,0.278762,0.018511,44.1667,15.8333
0.5000,19.61,0.494929,0.018890,44.1667,15.8333
0.5000,20.01,0.013997,0.006919,44.1667,15.8333
0.5000,20.40,0.922748,0.007056,44.1667,15.8333
0.5000,20.80,0.993303,0.007193,44.1667,15.8333
0.5000,21.19,0.998296,0.007329,44.1667,15.8333
0.5000,21.59,0.998655,0.007466,44.1667,15.8333
0.5000,21.99,0.998630,0.007602,44.1667,15.8333
0.5000,22.38,0.998569,0.007739,44.1667,15.8333
0.5000,22.78,0.998499,0.007876,44.1667,15.8333
0.5000,23.17,0.998415,0.008012,44.1667,15.8333
0.5000,23.57,0.998315,0.008149,44.1667,15.8333
0.5000,23.97,0.998193,0.008286,44.1667,15.8333
0.5000,24.36,0.998042,0.008422,44.1667,15.8333
0.5000,24.76,0.997849,0.008559,44.1667,15.8333
0.5000,25.15,0.997595,0.008696,44.1667,15.8333
0.5000,25.55,0.997247,0.008832,44.1667,15.8333
0.5000,25.95,0.996742,0.008969,44.1667,15.8333
0.5000,26.34,0.995947,0.009106,44.1667,15.8333
0.5000,26.74,0.994526,0.009242,44.1667,15.8333
0.5000,27.13,0.991215,0.009379,44.1667,15.8333
0.5000,27.53,0.976096,0.009516,44.1667,15.8333
0.5000,27.93,0.972054,0.009652,44.1667,15.8333
0.5000,28.32,0.991659,0.009789,44.1667,15.8333
0.5000,28.72,0.980850,0.009926,44.1667,15.8333
0.5000,29.11,0.913745,0.010062,44.1667,15.8333
0.5000,29.51,0.648449,0.010199,44.1667,15.8333
0.5000,29.91,0.505579,0.010336,44.1667,15.8333
0.5000,30.30,0.679822,0.001578,44.1667,15.8333
0.5000,30.70,0.987392,0.001599,44.1667,15.8333
0.5000,31.09,0.979491,0.001620,44.1667,15.8333
0.5000,31.49,0.993758,0.001640,44.1667,15.8333
0.5000,31.89,0.992117,0.001661,44.1667,15.8333
0.5000,32.28,0.993457,0.001681,44.1667,15.8333
0.5000,32.68,0.993890,0.001702,44.1667,15.8333
0.5000,33.07,0.994424,0.001723,44.1667,15.8333
0.5000,33.47,0.994843,0.001743,44.1667,15.8333
0.5000,33.87,0.995217,0.001764,44.1667,15.8333
0.5000,34.26,0.995543,0.001784,44.1667,15.8333
0.5000,34.66,0.995832,0.001805,44.1667,15.8333
0.5000,35.05,0.996089,0.001826,44.1667,15.8333
0.5000,35.45,0.996319,0.001846,44.1667,15.8333
0.5000,35.85,0.996531,0.001867,44.1667,15.8333
0.5000,36.24,0.996707,0.001888,44.1667,15.8333
0.5000,36.64,0.996925,0.001908,44.1667,15.8333
0.5000,37.03,0.996919,0.001929,44.1667,15.8333
0.5000,37.43,0.997618,0.001949,44.1667,15.8333
0.5000,37.83,0.995493,0.001970,44.1667,15.8333
0.5000,38.22,0.999650,0.001991,44.1667,15.8333
0.5000,38.62,0.940449,0.002011,44.1667,15.8333
0.5000,39.01,0.743920,0.002032,44.1667,15.8333
0.5000,39.41,0.529148,0.002052,44.1667,15.8333
0.5000,39.81,0.500693,0.002073,44.1667,15.8333
0.5000,40.20,0.999817,-0.078927,44.1667,15.8333
0.5000,40.60,0.999825,-0.079702,44.1667,15.8333
0.5000,40.99,0.999832,-0.080477,44.1667,15.8333
0.5000,41.39,0.999838,-0.081253,44.1667,15.8333
0.5000,41.79,0.999842,-0.082028,44.1667,15.8333
0.5000,42.18,0.999846,-0.082803,44.1667,15.8333
0.5000,42.58,0.999850,-0.083579,44.1667,15.8333
0.5000,42.97,0.999852,-0.084354,44.1667,15.8333
0.5000,43.37,0.999854,-0.085130,44.1667,15.8333
0.5000,43.77,0.999856,-0.085905,44.1667,15.8333
0.5000,44.16,0.999856,-0.086680,44.1667,15.8333
0.5000,44.56,0.999857,-0.087456,44.1667,15.8333
0.5000,44.95,0.999857,-0.088231,44.1667,15.8333
0.5000,45.35,0.999856,-0.089007,44.1667,15.8333
0.5000,45.74,0.999855,-0.089783,44.1667,15.8333
0.5000,46.14,0.999853,-0.090558,44.1667,15.8333
0.5000,46.54,0.999851,-0.091334,44.1667,15.8333
0.5000,46.93,0.999847,-0.092109,44.1667,15.8333
0.5000,47.33,0.999844,-0.092885,44.1667,15.8333
0.5000,47.72,0.999839,-0.093661,44.1667,15.8333
0.5000,48.12,0.999833,-0.094436,44.1667,15.8333
0.5000,48.52,0.999826,-0.095212,44.1667,15.8333
0.5000,48.91,0.999818,-0.095988,44.1667,15.8333
0.5000,49.31,0.999807,-0.096764,44.1667,15.8333
0.5000,49.70,0.999794,-0.097540,44.1667,15.8333
0.5000,50.10,0.999779,-0.001478,44.1667,15.8333
0.5000,50.50,0.999761,-0.001489,44.1667,15.8333
0.5000,50.89,0.999741,-0.001501,44.1667,15.8333
0.5000,51.29,0.999718,-0.001513,44.1667,15.8333
0.5000,51.68,0.999691,-0.001524,44.1667,15.8333
0.5000,52.08,0.999661,-0.001536,44.1667,15.8333
0.5000,52.48,0.999627,-0.001548,44.1667,15.8333
0.5000,52.87,0.999586,-0.001559,44.1667,15.8333
0.5000,53.27,0.999539,-0.001571,44.1667,15.8333
0.5000,53.66,0.999482,-0.001583,44.1667,15.8333
0.5000,54.06,0.999415,-0.001594,44.1667,15.8333
0.5000,54.46,0.999333,-0.001606,44.1667,15.8333
0.5000,54.85,0.999232,-0.001618,44.1667,15.8333
0.5000,55.25,0.999106,-0.001629,44.1667,15.8333
0.5000,55.64,0.998946,-0.001641,44.1667,15.8333
0.5000,56.04,0.998738,-0.001653,44.1667,15.8333
0.5000,56.44,0.998462,-0.001664,44.1667,15.8333
0.5000,56.83,0.998082,-0.001676,44.1667,15.8333
0.5000,57.23,0.997541,-0.001688,44.1667,15.8333
0.5000,57.62,0.996732,-0.001699,44.1667,15.8333
0.5000,58.02,0.995441,-0.001711,44.1667,15.8333
0.5000,58.42,0.993192,-0.001723,44.1667,15.8333
0.5000,58.81,0.988730,-0.001734,44.1667,15.8333
0.5000,59.21,0.977759,-0.001746,44.1667,15.8333
0.5000,59.60,0.936253,-0.001758,44.1667,15.8333
0.5000,60.00,0.000000,-0.001769,44.1667,15.8333
1.0000,1.00,0.499988,0.023564,43.3333,16.6667
1.0000,1.40,0.499907,0.032893,43.3333,16.6667
1.0000,1.79,0.499886,0.042210,43.3333,16.6667
1.0000,2.19,0.499813,0.051489,43.3333,16.6667
1.0000,2.58,0.499790,0.060729,43.3333,16.6667
1.0000,2.98,0.499796,0.069931,43.3333,16.6667
1.0000,3.38,0.499867,0.079098,43.3333,16.6667
1.0000,3.77,0.499974,0.088231,43.3333,16.6667
1.0000,4.17,0.500085,0.097331,43.3333,16.6667
1.0000,4.56,0.505660,0.106399,43.3333,16.6667
1.0000,4.96,0.500010,0.115437,43.3333,16.6667
1.0000,5.36,0.502150,0.026932,43.3333,16.6667
1.0000,5.75,0.509798,0.028905,43.3333,16.6667
1.0000,6.15,0.654628,0.030877,43.3333,16.6667
1.0000,6.54,0.566046,0.032846,43.3333,16.6667
1.0000,6.94,0.593147,0.034815,43.3333,16.6667
1.0000,7.34,0.596056,0.036781,43.3333,16.6667
1.0000,7.73,0.607667,0.038746,43.3333,16.6667
1.0000,8.13,0.608492,0.040710,43.3333,16.6667
1.0000,8.52,0.644577,0.042672,43.3333,16.6667
1.0000,8.92,0.572740,0.044633,43.3333,16.6667
1.0000,9.32,0.760208,0.046592,43.3333,16.6667
1.0000,9.71,0.501924,0.048551,43.3333,16.6667
1.0000,10.11,0.649652,0.024867,43.3333,16.6667
1.0000,10.50,0.698843,0.025835,43.3333,16.6667
1.0000,10.90,0.902661,0.026803,43.3333,16.6667
1.0000,11.30,0.847122,0.027771,43.3333,16.6667
1.0000,11.69,0.867479,0.028739,43.3333,16.6667
1.0000,12.09,0.867334,0.029706,43.3333,16.6667
1.0000,12.48,0.872069,0.030674,43.3333,16.6667
1.0000,12.88,0.875084,0.031641,43.3333,16.6667
1.0000,13.28,0.878185,0.032608,43.3333,16.6667
1.0000,13.67,0.880958,0.033575,43.3333,16.6667
1.0000,14.07,0.883563,0.034542,43.3333,16.6667
1.0000,14.46,0.886000,0.035508,43.3333,16.6667
1.0000,14.86,0.888305,0.036475,43.3333,16.6667
1.0000,15.26,0.890504,0.037441,43.3333,16.6667
1.0000,15.65,0.892603,0.038408,43.3333,16.6667
1.0000,16.05,0.894672,0.039374,43.3333,16.6667
1.0000,16.44,0.896538,0.040340,43.3333,16.6667
1.0000,16.84,0.898904,0.041306,43.3333,16.6667
1.0000,17.23,0.899238,0.042272,43.3333,16.6667
1.0000,17.63,0.906891,0.043238,43.3333,16.6667
1.0000,18.03,0.887337,0.044203,43.3333,16.6667
1.0000,18.42,0.961818,0.045169,43.3333,16.6667
1.0000,18.82,0.706749,0.046135,43.3333,16.6667
1.0000,19.21,0.587229,0.047100,43.3333,16.6667
1.0000,19.61,0.501583,0.048065,43.3333,16.6667
1.0000,20.01,0.583909,0.005956,43.3333,16.6667
1.0000,20.40,0.862953,0.006074,43.3333,16.6667
1.0000,20.80,0.990104,0.006192,43.3333,16.6667
1.0000,21.19,0.997493,0.006309,43.3333,16.6667
1.0000,21.59,0.999336,0.006427,43.3333,16.6667
1.0000,21.99,0.999124,0.006545,43.3333,16.6667
1.0000,22.38,0.999206,0.006662,43.3333,16.6667
1.0000,22.78,0.999188,0.006780,43.3333,16.6667
1.0000,23.17,0.999192,0.006898,43.3333,16.6667
1.0000,23.57,0.999186,0.007015,43.3333,16.6667
1.0000,23.97,0.999179,0.007133,43.3333,16.6667
1.0000,24.36,0.999168,0.007251,43.3333,16.6667
1.0000,24.76,0.999155,0.007368,43.3333,16.6667
1.0000,25.15,0.999139,0.007486,43.3333,16.6667
1.0000,25.55,0.999120,0.007604,43.3333,16.6667
1.0000,25.95,0.999098,0.007721,43.3333,16.6667
1.0000,26.34,0.999072,0.007839,43.3333,16.6667
1.0000,26.74,0.999041,0.007957,43.3333,16.6667
1.0000,27.13,0.999012,0.008075,43.3333,16.6667
1.0000,27.53,0.998956,0.008192,43.3333,16.6667
1.0000,27.93,0.998978,0.008310,43.3333,16.6667
1.0000,28.32,0.998649,0.008428,43.3333,16.6667
1.0000,28.72,0.999328,0.008545,43.3333,16.6667
1.0000,29.11,0.991242,0.008663,43.3333,16.6667
1.0000,29.51,0.952744,0.008781,43.3333,16.6667
1.0000,29.91,0.569877,0.008898,43.3333,16.6667
1.0000,30.30,0.942052,0.002234,43.3333,16.6667
1.0000,30.70,0.994622,0.002264,43.3333,16.6667
1.0000,31.09,0.998893,0.002293,43.3333,16.6667
1.0000,31.49,0.999158,0.002322,43.3333,16.6667
1.0000,31.89,0.999159,0.002351,43.3333,16.6667
1.0000,32.28,0.999098,0.002380,43.3333,16.6667
1.0000,32.68,0.999036,0.002409,43.3333,16.6667
1.0000,33.07,0.998953,0.002439,43.3333,16.6667
1.0000,33.47,0.998850,0.002468,43.3333,16.6667
1.0000,33.87,0.998719,0.002497,43.3333,16.6667
1.0000,34.26,0.998548,0.002526,43.3333,16.6667
1.0000,34.66,0.998319,0.002555,43.3333,16.6667
1.0000,35.05,0.998000,0.002585,43.3333,16.6667
1.0000,35.45,0.997528,0.002614,43.3333,16.6667
1.0000,35.85,0.996774,0.002643,43.3333,16.6667
1.0000,36.24,0.995358,0.002672,43.3333,16.6667
1.0000,36.64,0.992017,0.002701,43.3333,16.6667
1.0000,37.03,0.969497,0.002730,43.3333,16.6667
1.0000,37.43,0.984320,0.002760,43.3333,16.6667
1.0000,37.83,0.985992,0.002789,43.3333,16.6667
1.0000,38.22,0.985963,0.002818,43.3333,16.6667
1.0000,38.62,0.765438,0.002847,43.3333,16.6667
1.0000,39.01,0.340801,0.002876,43.3333,16.6667
1.0000,39.41,0.489642,0.002906,43.3333,16.6667
1.0000,39.81,0.499746,0.002935,43.3333,16.6667
1.0000,40.20,0.493525,0.096809,43.3333,16.6667
1.0000,40.60,0.087431,0.097762,43.3333,16.6667
1.0000,40.99,0.292617,0.098715,43.3333,16.6667
1.0000,41.39,0.870992,0.099667,43.3333,16.6667
1.0000,41.79,0.784082,0.100620,43.3333,16.6667
1.0000,42.18,0.821752,0.101572,43.3333,16.6667
1.0000,42.58,0.822723,0.102525,43.3333,16.6667
1.0000,42.97,0.830711,0.103477,43.3333,16.6667
1.0000,43.37,0.835125,0.104429,43.3333,16.6667
1.0000,43.77,0.838996,0.105382,43.3333,16.6667
1.0000,44.16,0.841745,0.106334,43.3333,16.6667
1.0000,44.56,0.843672,0.107286,43.3333,16.6667
1.0000,44.95,0.844793,0.108237,43.3333,16.6667
1.0000,45.35,0.845180,0.109189,43.3333,16.6667
1.0000,45.74,0.844784,0.110141,43.3333,16.6667
1.0000,46.14,0.843840,0.111093,43.3333,16.6667
1.0000,46.54,0.841413,0.112044,43.3333,16.6667
1.0000,46.93,0.840880,0.112996,43.3333,16.6667
1.0000,47.33,0.828999,0.113947,43.3333,16.6667
1.0000,47.72,0.855157,0.114899,43.3333,16.6667
1.0000,48.12,0.714244,0.115850,43.3333,16.6667
1.0000,48.52,0.999069,0.116801,43.3333,16.6667
1.0000,48.91,0.439193,0.117752,43.3333,16.6667
1.0000,49.31,0.493301,0.118703,43.3333,16.6667
1.0000,49.70,0.499888,0.119654,43.3333,16.6667
1.0000,50.10,0.999299,-0.001133,43.3333,16.6667
1.0000,50.50,0.999240,-0.001142,43.3333,16.6667
1.0000,50.89,0.999173,-0.001151,43.3333,16.6667
1.0000,51.29,0.999096,-0.001160,43.3333,16.6667
1.0000,51.68,0.999009,-0.001169,43.3333,16.6667
1.0000,52.08,0.998909,-0.001178,43.3333,16.6667
1.0000,52.48,0.998792,-0.001187,43.3333,16.6667
1.0000,52.87,0.998656,-0.001196,43.3333,16.6667
1.0000,53.27,0.998496,-0.001205,43.3333,16.6667
1.0000,53.66,0.998306,-0.001214,43.3333,16.6667
1.0000,54.06,0.998078,-0.001223,43.3333,16.6667
1.0000,54.46,0.997801,-0.001232,43.3333,16.6667
1.0000,54.85,0.997460,-0.001241,43.3333,16.6667
1.0000,55.25,0.997034,-0.001250,43.3333,16.6667
1.0000,55.64,0.996491,-0.001259,43.3333,16.6667
1.0000,56.04,0.995786,-0.001268,43.3333,16.6667
1.0000,56.44,0.994847,-0.001277,43.3333,16.6667
1.0000,56.83,0.993558,-0.001286,43.3333,16.6667
1.0000,57.23,0.991720,-0.001295,43.3333,16.6667
1.0000,57.62,0.988974,-0.001303,43.3333,16.6667
1.0000,58.02,0.984609,-0.001312,43.3333,16.6667
1.0000,58.42,0.977057,-0.001321,43.3333,16.6667
1.0000,58.81,0.962284,-0.001330,43.3333,16.6667
1.0000,59.21,0.927210,-0.001339,43.3333,16.6667
1.0000,59.60,0.809152,-0.001348,43.3333,16.6667
1.0000,60.00,0.000000,-0.001357,43.3333,16.6667
1.5000,1.00,0.499991,0.016981,42.5000,17.5000
1.5000,1.40,0.499398,0.023705,42.5000,17.5000
1.5000,1.79,0.499624,0.030421,42.5000,17.5000
1.5000,2.19,0.499116,0.037112,42.5000,17.5000
1.5000,2.58,0.498805,0.043778,42.5000,17.5000
1.5000,2.98,0.498373,0.050419,42.5000,17.5000
1.5000,3.38,0.498107,0.057038,42.5000,17.5000
1.5000,3.77,0.497452,0.063635,42.5000,17.5000
1.5000,4.17,0.498377,0.070211,42.5000,17.5000
1.5000,4.56,0.353006,0.076767,42.5000,17.5000
1.5000,4.96,0.499902,0.083305,42.5000,17.5000
1.5000,5.36,0.470417,0.042218,42.5000,17.5000
1.5000,5.75,0.492909,0.045314,42.5000,17.5000
1.5000,6.15,0.479837,0.048407,42.5000,17.5000
1.5000,6.54,0.485934,0.051498,42.5000,17.5000
1.5000,6.94,0.484961,0.054586,42.5000,17.5000
1.5000,7.34,0.485853,0.057672,42.5000,17.5000
1.5000,7.73,0.486134,0.060756,42.5000,17.5000
1.5000,8.13,0.488066,0.063838,42.5000,17.5000
1.5000,8.52,0.485271,0.066918,42.5000,17.5000
1.5000,8.92,0.495162,0.069995,42.5000,17.5000
1.5000,9.32,0.476405,0.073071,42.5000,17.5000
1.5000,9.71,0.499945,0.076144,42.5000,17.5000
1.5000,10.11,0.496496,0.038102,42.5000,17.5000
1.5000,10.50,0.498841,0.039586,42.5000,17.5000
1.5000,10.90,0.515735,0.041070,42.5000,17.5000
1.5000,11.30,0.519098,0.042554,42.5000,17.5000
1.5000,11.69,0.533831,0.044037,42.5000,17.5000
1.5000,12.09,0.542964,0.045521,42.5000,17.5000
1.5000,12.48,0.553479,0.047004,42.5000,17.5000
1.5000,12.88,0.563001,0.048486,42.5000,17.5000
1.5000,13.28,0.572487,0.049969,42.5000,17.5000
1.5000,13.67,0.581783,0.051451,42.5000,17.5000
1.5000,14.07,0.591052,0.052934,42.5000,17.5000
1.5000,14.46,0.600336,0.054416,42.5000,17.5000
1.5000,14.86,0.609690,0.055898,42.5000,17.5000
1.5000,15.26,0.619149,0.057379,42.5000,17.5000
1.5000,15.65,0.628720,0.058861,42.5000,17.5000
1.5000,16.05,0.638468,0.060342,42.5000,17.5000
1.5000,16.44,0.648160,0.061823,42.5000,17.5000
1.5000,16.84,0.658675,0.063304,42.5000,17.5000
1.5000,17.23,0.666563,0.064785,42.5000,17.5000
1.5000,17.63,0.685154,0.066265,42.5000,17.5000
1.5000,18.03,0.665204,0.067746,42.5000,17.5000
1.5000,18.42,0.824108,0.069226,42.5000,17.5000
1.5000,18.82,0.551399,0.070706,42.5000,17.5000
1.5000,19.21,0.517651,0.072186,42.5000,17.5000
1.5000,19.61,0.500289,0.073666,42.5000,17.5000
1.5000,20.01,0.522148,0.007982,42.5000,17.5000
1.5000,20.40,0.694460,0.008139,42.5000,17.5000
1.5000,20.80,0.964864,0.008297,42.5000,17.5000
1.5000,21.19,0.992148,0.008455,42.5000,17.5000
1.5000,21.59,0.999267,0.008612,42.5000,17.5000
1.5000,21.99,0.998518,0.008770,42.5000,17.5000
1.5000,22.38,0.998845,0.008928,42.5000,17.5000
1.5000,22.78,0.998820,0.009086,42.5000,17.5000
1.5000,23.17,0.998869,0.009243,42.5000,17.5000
1.5000,23.57,0.998889,0.009401,42.5000,17.5000
1.5000,23.97,0.998908,0.009559,42.5000,17.5000
1.5000,24.36,0.998920,0.009717,42.5000,17.5000
1.5000,24.76,0.998926,0.009874,42.5000,17.5000
1.5000,25.15,0.998927,0.010032,42.5000,17.5000
1.5000,25.55,0.998923,0.010190,42.5000,17.5000
1.5000,25.95,0.998915,0.010348,42.5000,17.5000
1.5000,26.34,0.998902,0.010505,42.5000,17.5000
1.5000,26.74,0.998882,0.010663,42.5000,17.5000
1.5000,27.13,0.998868,0.010821,42.5000,17.5000
1.5000,27.53,0.998807,0.010979,42.5000,17.5000
1.5000,27.93,0.998897,0.011136,42.5000,17.5000
1.5000,28.32,0.998336,0.011294,42.5000,17.5000
1.5000,28.72,0.999532,0.011452,42.5000,17.5000
1.5000,29.11,0.984241,0.011610,42.5000,17.5000
1.5000,29.51,0.909508,0.011767,42.5000,17.5000
1.5000,29.91,0.536689,0.011925,42.5000,17.5000
1.5000,30.30,0.893753,0.003001,42.5000,17.5000
1.5000,30.70,0.991721,0.003041,42.5000,17.5000
1.5000,31.09,0.998339,0.003080,42.5000,17.5000
1.5000,31.49,0.999466,0.003119,42.5000,17.5000
1.5000,31.89,0.999380,0.003158,42.5000,17.5000
1.5000,32.28,0.999397,0.003197,42.5000,17.5000
1.5000,32.68,0.999368,0.003237,42.5000,17.5000
1.5000,33.07,0.999342,0.003276,42.5000,17.5000
1.5000,33.47,0.999304,0.003315,42.5000,17.5000
1.5000,33.87,0.999257,0.003354,42.5000,17.5000
1.5000,34.26,0.999194,0.003393,42.5000,17.5000
1.5000,34.66,0.999111,0.003433,42.5000,17.5000
1.5000,35.05,0.998998,0.003472,42.5000,17.5000
1.5000,35.45,0.998841,0.003511,42.5000,17.5000
1.5000,35.85,0.998610,0.003550,42.5000,17.5000
1.5000,36.24,0.998245,0.003589,42.5000,17.5000
1.5000,36.64,0.997620,0.003629,42.5000,17.5000
1.5000,37.03,0.996080,0.003668,42.5000,17.5000
1.5000,37.43,0.991431,0.003707,42.5000,17.5000
1.5000,37.83,0.958224,0.003746,42.5000,17.5000
1.5000,38.22,0.970025,0.003786,42.5000,17.5000
1.5000,38.62,0.703383,0.003825,42.5000,17.5000
1.5000,39.01,0.376445,0.003864,42.5000,17.5000
1.5000,39.41,0.490705,0.003903,42.5000,17.5000
1.5000,39.81,0.499762,0.003942,42.5000,17.5000
1.5000,40.20,0.492988,0.085848,42.5000,17.5000
1.5000,40.60,0.152215,0.086692,42.5000,17.5000
1.5000,40.99,0.389092,0.087537,42.5000,17.5000
1.5000,41.39,0.894076,0.088382,42.5000,17.5000
1.5000,41.79,0.821966,0.089226,42.5000,17.5000
1.5000,42.18,0.854992,0.090071,42.5000,17.5000
1.5000,42.58,0.856890,0.090915,42.5000,17.5000
1.5000,42.97,0.864406,0.091760,42.5000,17.5000
1.5000,43.37,0.868826,0.092604,42.5000,17.5000
1.5000,43.77,0.872691,0.093448,42.5000,17.5000
1.5000,44.16,0.875566,0.094293,42.5000,17.5000
1.5000,44.56,0.877717,0.095137,42.5000,17.5000
1.5000,44.95,0.879178,0.095981,42.5000,17.5000
1.5000,45.35,0.880025,0.096825,42.5000,17.5000
1.5000,45.74,0.880229,0.097669,42.5000,17.5000
1.5000,46.14,0.879992,0.098513,42.5000,17.5000
1.5000,46.54,0.878574,0.099357,42.5000,17.5000
1.5000,46.93,0.878679,0.100201,42.5000,17.5000
1.5000,47.33,0.869794,0.101045,42.5000,17.5000
1.5000,47.72,0.891004,0.101889,42.5000,17.5000
1.5000,48.12,0.780130,0.102733,42.5000,17.5000
1.5000,48.52,0.998483,0.103577,42.5000,17.5000
1.5000,48.91,0.421913,0.104421,42.5000,17.5000
1.5000,49.31,0.491795,0.105265,42.5000,17.5000
1.5000,49.70,0.499862,0.106108,42.5000,17.5000
1.5000,50.10,0.999479,-0.001434,42.5000,17.5000
1.5000,50.50,0.999434,-0.001445,42.5000,17.5000
1.5000,50.89,0.999384,-0.001457,42.5000,17.5000
1.5000,51.29,0.999326,-0.001468,42.5000,17.5000
1.5000,51.68,0.999259,-0.001479,42.5000,17.5000
1.5000,52.08,0.999183,-0.001491,42.5000,17.5000
1.5000,52.48,0.999094,-0.001502,42.5000,17.5000
1.5000,52.87,0.998991,-0.001513,42.5000,17.5000
1.5000,53.27,0.998869,-0.001525,42.5000,17.5000
1.5000,53.66,0.998724,-0.001536,42.5000,17.5000
1.5000,54.06,0.998550,-0.001547,42.5000,17.5000
1.5000,54.46,0.998338,-0.001559,42.5000,17.5000
1.5000,54.85,0.998077,-0.001570,42.5000,17.5000
1.5000,55.25,0.997750,-0.001581,42.5000,17.5000
1.5000,55.64,0.997334,-0.001593,42.5000,17.5000
1.5000,56.04,0.996793,-0.001604,42.5000,17.5000
1.5000,56.44,0.996071,-0.001615,42.5000,17.5000
1.5000,56.83,0.995078,-0.001627,42.5000,17.5000
1.5000,57.23,0.993662,-0.001638,42.5000,17.5000
1.5000,57.62,0.991541,-0.001649,42.5000,17.5000
1.5000,58.02,0.988161,-0.001661,42.5000,17.5000
1.5000,58.42,0.982291,-0.001672,42.5000,17.5000
1.5000,58.81,0.970741,-0.001683,42.5000,17.5000
1.5000,59.21,0.942977,-0.001695,42.5000,17.5000
1.5000,59.60,0.846034,-0.001706,42.5000,17.5000
1.5000,60.00,0.000000,-0.001717,42.5000,17.5000
2.0000,1.00,0.499999,0.027875,41.6667,18.3333
2.0000,1.40,0.499751,0.038910,41.6667,18.3333
2.0000,1.79,0.499818,0.049932,41.6667,18.3333
2.0000,2.19,0.499593,0.060912,41.6667,18.3333
2.0000,2.58,0.499471,0.071851,41.6667,18.3333
2.0000,2.98,0.499319,0.082749,41.6667,18.3333
2.0000,3.38,0.499266,0.093609,41.6667,18.3333
2.0000,3.77,0.499055,0.104431,41.6667,18.3333
2.0000,4.17,0.499511,0.115216,41.6667,18.3333
2.0000,4.56,0.416751,0.125966,41.6667,18.3333
2.0000,4.96,0.499985,0.136682,41.6667,18.3333
2.0000,5.36,0.496832,0.052487,41.6667,18.3333
2.0000,5.75,0.496814,0.056337,41.6667,18.3333
2.0000,6.15,0.485146,0.060185,41.6667,18.3333
2.0000,6.54,0.492281,0.064029,41.6667,18.3333
2.0000,6.94,0.491701,0.067870,41.6667,18.3333
2.0000,7.34,0.492590,0.071709,41.6667,18.3333
2.0000,7.73,0.492937,0.075545,41.6667,18.3333
2.0000,8.13,0.494058,0.079378,41.6667,18.3333
2.0000,8.52,0.492993,0.083209,41.6667,18.3333
2.0000,8.92,0.497653,0.087037,41.6667,18.3333
2.0000,9.32,0.486143,0.090862,41.6667,18.3333
2.0000,9.71,0.499975,0.094685,41.6667,18.3333
2.0000,10.11,0.498684,0.051119,41.6667,18.3333
2.0000,10.50,0.500711,0.053109,41.6667,18.3333
2.0000,10.90,0.514227,0.055098,41.6667,18.3333
2.0000,11.30,0.513293,0.057086,41.6667,18.3333
2.0000,11.69,0.520870,0.059074,41.6667,18.3333
2.0000,12.09,0.525180,0.061062,41.6667,18.3333
2.0000,12.48,0.530373,0.063050,41.6667,18.3333
2.0000,12.88,0.535161,0.065037,41.6667,18.3333
2.0000,13.28,0.540100,0.067023,41.6667,18.3333
2.0000,13.67,0.545140,0.069010,41.6667,18.3333
2.0000,14.07,0.550402,0.070996,41.6667,18.3333
2.0000,14.46,0.555935,0.072982,41.6667,18.3333
2.0000,14.86,0.561791,0.074967,41.6667,18.3333
2.0000,15.26,0.568007,0.076952,41.6667,18.3333
2.0000,15.65,0.574595,0.078937,41.6667,18.3333
2.0000,16.05,0.581606,0.080921,41.6667,18.3333
2.0000,16.44,0.588869,0.082905,41.6667,18.3333
2.0000,16.84,0.597045,0.084889,41.6667,18.3333
2.0000,17.23,0.603443,0.086872,41.6667,18.3333
2.0000,17.63,0.618773,0.088855,41.6667,18.3333
2.0000,18.03,0.602988,0.090838,41.6667,18.3333
2.0000,18.42,0.760415,0.092820,41.6667,18.3333
2.0000,18.82,0.527136,0.094802,41.6667,18.3333
2.0000,19.21,0.508406,0.096784,41.6667,18.3333
2.0000,19.61,0.500139,0.098766,41.6667,18.3333
2.0000,20.01,0.513408,0.009219,41.6667,18.3333
2.0000,20.40,0.648996,0.009401,41.6667,18.3333
2.0000,20.80,0.928864,0.009584,41.6667,18.3333
2.0000,21.19,0.995460,0.009766,41.6667,18.3333
2.0000,21.59,0.999220,0.009948,41.6667,18.3333
2.0000,21.99,0.999871,0.010130,41.6667,18.3333
2.0000,22.38,0.999818,0.010313,41.6667,18.3333
2.0000,22.78,0.999847,0.010495,41.6667,18.3333
2.0000,23.17,0.999846,0.010677,41.6667,18.3333
2.0000,23.57,0.999853,0.010859,41.6667,18.3333
2.0000,23.97,0.999857,0.011042,41.6667,18.3333
2.0000,24.36,0.999862,0.011224,41.6667,18.3333
2.0000,24.76,0.999867,0.011406,41.6667,18.3333
2.0000,25.15,0.999872,0.011588,41.6667,18.3333
2.0000,25.55,0.999876,0.011770,41.6667,18.3333
2.0000,25.95,0.999881,0.011953,41.6667,18.3333
2.0000,26.34,0.999885,0.012135,41.6667,18.3333
2.0000,26.74,0.999889,0.012317,41.6667,18.3333
2.0000,27.13,0.999892,0.012500,41.6667,18.3333
2.0000,27.53,0.999900,0.012682,41.6667,18.3333
2.0000,27.93,0.999885,0.012864,41.6667,18.3333
2.0000,28.32,0.999894,0.013046,41.6667,18.3333
2.0000,28.72,0.999176,0.013229,41.6667,18.3333
2.0000,29.11,0.991741,0.013411,41.6667,18.3333
2.0000,29.51,0.902377,0.013593,41.6667,18.3333
2.0000,29.91,0.539358,0.013775,41.6667,18.3333
2.0000,30.30,0.890558,0.003703,41.6667,18.3333
2.0000,30.70,0.997138,0.003751,41.6667,18.3333
2.0000,31.09,0.996172,0.003800,41.6667,18.3333
2.0000,31.49,0.999003,0.003848,41.6667,18.3333
2.0000,31.89,0.998468,0.003896,41.6667,18.3333
2.0000,32.28,0.998659,0.003945,41.6667,18.3333
2.0000,32.68,0.998643,0.003993,41.6667,18.3333
2.0000,33.07,0.998681,0.004041,41.6667,18.3333
2.0000,33.47,0.998702,0.004090,41.6667,18.3333
2.0000,33.87,0.998726,0.004138,41.6667,18.3333
2.0000,34.26,0.998747,0.004186,41.6667,18.3333
2.0000,34.66,0.998767,0.004235,41.6667,18.3333
2.0000,35.05,0.998785,0.004283,41.6667,18.3333
2.0000,35.45,0.998802,0.004332,41.6667,18.3333
2.0000,35.85,0.998815,0.004380,41.6667,18.3333
2.0000,36.24,0.998830,0.004428,41.6667,18.3333
2.0000,36.64,0.998830,0.004477,41.6667,18.3333
2.0000,37.03,0.998875,0.004525,41.6667,18.3333
2.0000,37.43,0.998733,0.004574,41.6667,18.3333
2.0000,37.83,0.999234,0.004622,41.6667,18.3333
2.0000,38.22,0.996516,0.004670,41.6667,18.3333
2.0000,38.62,0.995032,0.004719,41.6667,18.3333
2.0000,39.01,0.867835,0.004767,41.6667,18.3333
2.0000,39.41,0.591769,0.004815,41.6667,18.3333
2.0000,39.81,0.502038,0.004864,41.6667,18.3333
2.0000,40.20,0.558717,0.036182,41.6667,18.3333
2.0000,40.60,0.883460,0.036539,41.6667,18.3333
2.0000,40.99,0.930957,0.036895,41.6667,18.3333
2.0000,41.39,0.989042,0.037251,41.6667,18.3333
2.0000,41.79,0.972098,0.037608,41.6667,18.3333
2.0000,42.18,0.972320,0.037964,41.6667,18.3333
2.0000,42.58,0.965110,0.038320,41.6667,18.3333
2.0000,42.97,0.957729,0.038677,41.6667,18.3333
2.0000,43.37,0.946486,0.039033,41.6667,18.3333
2.0000,43.77,0.929753,0.039389,41.6667,18.3333
2.0000,44.16,0.901730,0.039745,41.6667,18.3333
2.0000,44.56,0.846441,0.040102,41.6667,18.3333
2.0000,44.95,0.689894,0.040458,41.6667,18.3333
2.0000,45.35,0.411087,0.040814,41.6667,18.3333
2.0000,45.74,0.765519,0.041170,41.6667,18.3333
2.0000,46.14,0.846017,0.041527,41.6667,18.3333
2.0000,46.54,0.880014,0.041883,41.6667,18.3333
2.0000,46.93,0.900588,0.042239,41.6667,18.3333
2.0000,47.33,0.905002,0.042596,41.6667,18.3333
2.0000,47.72,0.932909,0.042952,41.6667,18.3333
2.0000,48.12,0.846572,0.043308,41.6667,18.3333
2.0000,48.52,0.982718,0.043664,41.6667,18.3333
2.0000,48.91,0.409667,0.044020,41.6667,18.3333
2.0000,49.31,0.491724,0.044377,41.6667,18.3333
2.0000,49.70,0.499857,0.044733,41.6667,18.3333
2.0000,50.10,0.998682,-0.000308,41.6667,18.3333
2.0000,50.50,0.998502,-0.000310,41.6667,18.3333
2.0000,50.89,0.998287,-0.000313,41.6667,18.3333
2.0000,51.29,0.998029,-0.000315,41.6667,18.3333
2.0000,51.68,0.997717,-0.000318,41.6667,18.3333
2.0000,52.08,0.997336,-0.000320,41.6667,18.3333
2.0000,52.48,0.996864,-0.000323,41.6667,18.3333
2.0000,52.87,0.996273,-0.000325,41.6667,18.3333
2.0000,53.27,0.995523,-0.000327,41.6667,18.3333
2.0000,53.66,0.994558,-0.000330,41.6667,18.3333
2.0000,54.06,0.993292,-0.000332,41.6667,18.3333
2.0000,54.46,0.991600,-0.000335,41.6667,18.3333
2.0000,54.85,0.989285,-0.000337,41.6667,18.3333
2.0000,55.25,0.986029,-0.000340,41.6667,18.3333
2.0000,55.64,0.981301,-0.000342,41.6667,18.3333
2.0000,56.04,0.974158,-0.000345,41.6667,18.3333
2.0000,56.44,0.962833,-0.000347,41.6667,18.3333
2.0000,56.83,0.943740,-0.000349,41.6667,18.3333
2.0000,57.23,0.908881,-0.000352,41.6667,18.3333
2.0000,57.62,0.838107,-0.000354,41.6667,18.3333
2.0000,58.02,0.672349,-0.000357,41.6667,18.3333
2.0000,58.42,0.213111,-0.000359,41.6667,18.3333
2.0000,58.81,0.331469,-0.000362,41.6667,18.3333
2.0000,59.21,0.365911,-0.000364,41.6667,18.3333
2.0000,59.60,0.231994,-0.000366,41.6667,18.3333
2.0000,60.00,0.000000,-0.000369,41.6667,18.3333
2.5000,1.00,0.499998,0.046624,40.8333,19.1667
2.5000,1.40,0.499918,0.065075,40.8333,19.1667
2.5000,1.79,0.499929,0.083496,40.8333,19.1667
2.5000,2.19,0.499870,0.101837,40.8333,19.1667
2.5000,2.58,0.499854,0.120094,40.8333,19.1667
2.5000,2.98,0.499849,0.138270,40.8333,19.1667
2.5000,3.38,0.499880,0.156365,40.8333,19.1667
2.5000,3.77,0.499905,0.174379,40.8333,19.1667
2.5000,4.17,0.499981,0.192312,40.8333,19.1667
2.5000,4.56,0.498424,0.210165,40.8333,19.1667
2.5000,4.96,0.500000,0.227937,40.8333,19.1667
2.5000,5.36,0.499864,0.074539,40.8333,19.1667
2.5000,5.75,0.500183,0.079999,40.8333,19.1667
2.5000,6.15,0.503983,0.085455,40.8333,19.1667
2.5000,6.54,0.502964,0.090905,40.8333,19.1667
2.5000,6.94,0.504649,0.096350,40.8333,19.1667
2.5000,7.34,0.505333,0.101790,40.8333,19.1667
2.5000,7.73,0.506393,0.107226,40.8333,19.1667
2.5000,8.13,0.506557,0.112656,40.8333,19.1667
2.5000,8.52,0.510192,0.118081,40.8333,19.1667
2.5000,8.92,0.503806,0.123502,40.8333,19.1667
2.5000,9.32,0.512830,0.128917,40.8333,19.1667
2.5000,9.71,0.500069,0.134328,40.8333,19.1667
2.5000,10.11,0.511799,0.059516,40.8333,19.1667
2.5000,10.50,0.531922,0.061834,40.8333,19.1667
2.5000,10.90,0.722944,0.064151,40.8333,19.1667
2.5000,11.30,0.623704,0.066468,40.8333,19.1667
2.5000,11.69,0.650726,0.068784,40.8333,19.1667
2.5000,12.09,0.649488,0.071100,40.8333,19.1667
2.5000,12.48,0.655673,0.073415,40.8333,19.1667
2.5000,12.88,0.659268,0.075730,40.8333,19.1667
2.5000,13.28,0.663097,0.078045,40.8333,19.1667
2.5000,13.67,0.666495,0.080359,40.8333,19.1667
2.5000,14.07,0.669731,0.082673,40.8333,19.1667
2.5000,14.46,0.672812,0.084986,40.8333,19.1667
2.5000,14.86,0.675801,0.087299,40.8333,19.1667
2.5000,15.26,0.678744,0.089612,40.8333,19.1667
2.5000,15.65,0.681657,0.091924,40.8333,19.1667
2.5000,16.05,0.684650,0.094236,40.8333,19.1667
2.5000,16.44,0.687450,0.096547,40.8333,19.1667
2.5000,16.84,0.691192,0.098858,40.8333,19.1667
2.5000,17.23,0.691707,0.101169,40.8333,19.1667
2.5000,17.63,0.704906,0.103479,40.8333,19.1667
2.5000,18.03,0.673462,0.105789,40.8333,19.1667
2.5000,18.42,0.848415,0.108099,40.8333,19.1667
2.5000,18.82,0.544379,0.110408,40.8333,19.1667
2.5000,19.21,0.512494,0.112717,40.8333,19.1667
2.5000,19.61,0.500201,0.115025,40.8333,19.1667
2.5000,20.01,0.521169,0.010199,40.8333,19.1667
2.5000,20.40,0.708313,0.010401,40.8333,19.1667
2.5000,20.80,0.939347,0.010602,40.8333,19.1667
2.5000,21.19,0.998774,0.010804,40.8333,19.1667
2.5000,21.59,0.997211,0.011006,40.8333,19.1667
2.5000,21.99,0.998770,0.011207,40.8333,19.1667
2.5000,22.38,0.998499,0.011409,40.8333,19.1667
2.5000,22.78,0.998630,0.011611,40.8333,19.1667
2.5000,23.17,0.998650,0.011812,40.8333,19.1667
2.5000,23.57,0.998696,0.012014,40.8333,19.1667
2.5000,23.97,0.998733,0.012215,40.8333,19.1667
2.5000,24.36,0.998771,0.012417,40.8333,19.1667
2.5000,24.76,0.998807,0.012619,40.8333,19.1667
2.5000,25.15,0.998843,0.012820,40.8333,19.1667
2.5000,25.55,0.998877,0.013022,40.8333,19.1667
2.5000,25.95,0.998911,0.013224,40.8333,19.1667
2.5000,26.34,0.998944,0.013425,40.8333,19.1667
2.5000,26.74,0.998977,0.013627,40.8333,19.1667
2.5000,27.13,0.999003,0.013829,40.8333,19.1667
2.5000,27.53,0.999054,0.014031,40.8333,19.1667
2.5000,27.93,0.999007,0.014232,40.8333,19.1667
2.5000,28.32,0.999291,0.014434,40.8333,19.1667
2.5000,28.72,0.998039,0.014636,40.8333,19.1667
2.5000,29.11,0.997732,0.014837,40.8333,19.1667
2.5000,29.51,0.937924,0.015039,40.8333,19.1667
2.5000,29.91,0.571989,0.015241,40.8333,19.1667
2.5000,30.30,0.930583,0.005990,40.8333,19.1667
2.5000,30.70,0.999290,0.006069,40.8333,19.1667
2.5000,31.09,0.995821,0.006147,40.8333,19.1667
2.5000,31.49,0.998056,0.006225,40.8333,19.1667
2.5000,31.89,0.997613,0.006303,40.8333,19.1667
2.5000,32.28,0.997797,0.006382,40.8333,19.1667
2.5000,32.68,0.997806,0.006460,40.8333,19.1667
2.5000,33.07,0.997860,0.006538,40.8333,19.1667
2.5000,33.47,0.997900,0.006616,40.8333,19.1667
2.5000,33.87,0.997941,0.006695,40.8333,19.1667
2.5000,34.26,0.997981,0.006773,40.8333,19.1667
2.5000,34.66,0.998019,0.006851,40.8333,19.1667
2.5000,35.05,0.998055,0.006930,40.8333,19.1667
2.5000,35.45,0.998090,0.007008,40.8333,19.1667
2.5000,35.85,0.998123,0.007086,40.8333,19.1667
2.5000,36.24,0.998155,0.007164,40.8333,19.1667
2.5000,36.64,0.998183,0.007243,40.8333,19.1667
2.5000,37.03,0.998220,0.007321,40.8333,19.1667
2.5000,37.43,0.998212,0.007399,40.8333,19.1667
2.5000,37.83,0.998362,0.007477,40.8333,19.1667
2.5000,38.22,0.997883,0.007556,40.8333,19.1667
2.5000,38.62,0.999290,0.007634,40.8333,19.1667
2.5000,39.01,0.987395,0.007712,40.8333,19.1667
2.5000,39.41,0.939997,0.007791,40.8333,19.1667
2.5000,39.81,0.553531,0.007869,40.8333,19.1667
2.5000,40.20,0.922298,0.017505,40.8333,19.1667
2.5000,40.60,0.991315,0.017677,40.8333,19.1667
2.5000,40.99,0.999060,0.017850,40.8333,19.1667
2.5000,41.39,0.999234,0.018022,40.8333,19.1667
2.5000,41.79,0.999320,0.018195,40.8333,19.1667
2.5000,42.18,0.999287,0.018367,40.8333,19.1667
2.5000,42.58,0.999265,0.018539,40.8333,19.1667
2.5000,42.97,0.999234,0.018712,40.8333,19.1667
2.5000,43.37,0.999200,0.018884,40.8333,19.1667
2.5000,43.77,0.999161,0.019057,40.8333,19.1667
2.5000,44.16,0.999117,0.019229,40.8333,19.1667
2.5000,44.56,0.999068,0.019401,40.8333,19.1667
2.5000,44.95,0.999012,0.019574,40.8333,19.1667
2.5000,45.35,0.998950,0.019746,40.8333,19.1667
2.5000,45.74,0.998881,0.019919,40.8333,19.1667
2.5000,46.14,0.998804,0.020091,40.8333,19.1667
2.5000,46.54,0.998718,0.020263,40.8333,19.1667
2.5000,46.93,0.998630,0.020436,40.8333,19.1667
2.5000,47.33,0.998499,0.020608,40.8333,19.1667
2.5000,47.72,0.998491,0.020780,40.8333,19.1667
2.5000,48.12,0.997691,0.020953,40.8333,19.1667
2.5000,48.52,0.997044,0.021125,40.8333,19.1667
2.5000,48.91,0.953656,0.021298,40.8333,19.1667
2.5000,49.31,0.728418,0.021470,40.8333,19.1667
2.5000,49.70,0.507731,0.021642,40.8333,19.1667
2.5000,50.10,0.706751,0.008222,40.8333,19.1667
2.5000,50.50,0.964454,0.008287,40.8333,19.1667
2.5000,50.89,0.988607,0.008352,40.8333,19.1667
2.5000,51.29,0.997161,0.008417,40.8333,19.1667
2.5000,51.68,0.995665,0.008482,40.8333,19.1667
2.5000,52.08,0.995833,0.008547,40.8333,19.1667
2.5000,52.48,0.995381,0.008612,40.8333,19.1667
2.5000,52.87,0.995030,0.008677,40.8333,19.1667
2.5000,53.27,0.994566,0.008742,40.8333,19.1667
2.5000,53.66,0.994030,0.008807,40.8333,19.1667
2.5000,54.06,0.993383,0.008872,40.8333,19.1667
2.5000,54.46,0.992601,0.008937,40.8333,19.1667
2.5000,54.85,0.991641,0.009002,40.8333,19.1667
2.5000,55.25,0.990447,0.009067,40.8333,19.1667
2.5000,55.64,0.988938,0.009132,40.8333,19.1667
2.5000,56.04,0.986982,0.009197,40.8333,19.1667
2.5000,56.44,0.984430,0.009262,40.8333,19.1667
2.5000,56.83,0.980813,0.009327,40.8333,19.1667
2.5000,57.23,0.976386,0.009392,40.8333,19.1667
2.5000,57.62,0.966538,0.009457,40.8333,19.1667
2.5000,58.02,0.964509,0.009522,40.8333,19.1667
2.5000,58.42,0.851171,0.009587,40.8333,19.1667
2.5000,58.81,0.626130,0.009652,40.8333,19.1667
2.5000,59.21,0.504271,0.009717,40.8333,19.1667
2.5000,59.60,0.500492,0.009782,40.8333,19.1667
2.5000,60.00,0.499490,0.009847,40.8333,19.1667
3.0000,1.00,0.499998,0.050906,40.0000,20.0000
3.0000,1.40,0.499936,0.071049,40.0000,20.0000
3.0000,1.79,0.499943,0.091155,40.0000,20.0000
3.0000,2.19,0.499900,0.111167,40.0000,20.0000
3.0000,2.58,0.499894,0.131080,40.0000,20.0000
3.0000,2.98,0.499900,0.150896,40.0000,20.0000
3.0000,3.38,0.499934,0.170615,40.0000,20.0000
3.0000,3.77,0.499970,0.190237,40.0000,20.0000
3.0000,4.17,0.499986,0.209762,40.0000,20.0000
3.0000,4.56,0.499233,0.229190,40.0000,20.0000
3.0000,4.96,0.500000,0.248521,40.0000,20.0000
3.0000,5.36,0.500055,0.077383,40.0000,20.0000
3.0000,5.75,0.500544,0.083055,40.0000,20.0000
3.0000,6.15,0.507409,0.088723,40.0000,20.0000
3.0000,6.54,0.504436,0.094385,40.0000,20.0000
3.0000,6.94,0.506505,0.100043,40.0000,20.0000
3.0000,7.34,0.507070,0.105695,40.0000,20.0000
3.0000,7.73,0.508174,0.111343,40.0000,20.0000
3.0000,8.13,0.508108,0.116986,40.0000,20.0000
3.0000,8.52,0.512343,0.122624,40.0000,20.0000
3.0000,8.92,0.504397,0.128257,40.0000,20.0000
3.0000,9.32,0.513233,0.133885,40.0000,20.0000
3.0000,9.71,0.500073,0.139509,40.0000,20.0000
3.0000,10.11,0.512876,0.059798,40.0000,20.0000
3.0000,10.50,0.537276,0.062128,40.0000,20.0000
3.0000,10.90,0.759199,0.064457,40.0000,20.0000
3.0000,11.30,0.644019,0.066786,40.0000,20.0000
3.0000,11.69,0.674120,0.069115,40.0000,20.0000
3.0000,12.09,0.671564,0.071444,40.0000,20.0000
3.0000,12.48,0.677576,0.073772,40.0000,20.0000
3.0000,12.88,0.680656,0.076100,40.0000,20.0000
3.0000,13.28,0.684010,0.078427,40.0000,20.0000
3.0000,13.67,0.686872,0.080754,40.0000,20.0000
3.0000,14.07,0.689537,0.083081,40.0000,20.0000
3.0000,14.46,0.692003,0.085407,40.0000,20.0000
3.0000,14.86,0.694337,0.087733,40.0000,20.0000
3.0000,15.26,0.696584,0.090059,40.0000,20.0000
3.0000,15.65,0.698763,0.092384,40.0000,20.0000
3.0000,16.05,0.700987,0.094709,40.0000,20.0000
3.0000,16.44,0.702983,0.097033,40.0000,20.0000
3.0000,16.84,0.705900,0.099358,40.0000,20.0000
3.0000,17.23,0.705545,0.101681,40.0000,20.0000
3.0000,17.63,0.717872,0.104005,40.0000,20.0000
3.0000,18.03,0.685401,0.106328,40.0000,20.0000
3.0000,18.42,0.854757,0.108651,40.0000,20.0000
3.0000,18.82,0.548961,0.110973,40.0000,20.0000
3.0000,19.21,0.514082,0.113295,40.0000,20.0000
3.0000,19.61,0.500224,0.115617,40.0000,20.0000
3.0000,20.01,0.523312,0.012786,40.0000,20.0000
3.0000,20.40,0.716184,0.013039,40.0000,20.0000
3.0000,20.80,0.947386,0.013292,40.0000,20.0000
3.0000,21.19,0.998288,0.013544,40.0000,20.0000
3.0000,21.59,0.998193,0.013797,40.0000,20.0000
3.0000,21.99,0.999269,0.014050,40.0000,20.0000
3.0000,22.38,0.999095,0.014303,40.0000,20.0000
3.0000,22.78,0.999179,0.014556,40.0000,20.0000
3.0000,23.17,0.999191,0.014809,40.0000,20.0000
3.0000,23.57,0.999219,0.015061,40.0000,20.0000
3.0000,23.97,0.999243,0.015314,40.0000,20.0000
3.0000,24.36,0.999267,0.015567,40.0000,20.0000
3.0000,24.76,0.999290,0.015820,40.0000,20.0000
3.0000,25.15,0.999312,0.016073,40.0000,20.0000
3.0000,25.55,0.999334,0.016326,40.0000,20.0000
3.0000,25.95,0.999355,0.016579,40.0000,20.0000
3.0000,26.34,0.999375,0.016831,40.0000,20.0000
3.0000,26.74,0.999396,0.017084,40.0000,20.0000
3.0000,27.13,0.999412,0.017337,40.0000,20.0000
3.0000,27.53,0.999445,0.017590,40.0000,20.0000
3.0000,27.93,0.999408,0.017843,40.0000,20.0000
3.0000,28.32,0.999582,0.018096,40.0000,20.0000
3.0000,28.72,0.998531,0.018349,40.0000,20.0000
3.0000,29.11,0.995252,0.018602,40.0000,20.0000
3.0000,29.51,0.921815,0.018855,40.0000,20.0000
3.0000,29.91,0.552956,0.019107,40.0000,20.0000
3.0000,30.30,0.912606,0.008202,40.0000,20.0000
3.0000,30.70,0.998365,0.008310,40.0000,20.0000
3.0000,31.09,0.995994,0.008417,40.0000,20.0000
3.0000,31.49,0.998478,0.008524,40.0000,20.0000
3.0000,31.89,0.998002,0.008631,40.0000,20.0000
3.0000,32.28,0.998190,0.008738,40.0000,20.0000
3.0000,32.68,0.998191,0.008845,40.0000,20.0000
3.0000,33.07,0.998239,0.008953,40.0000,20.0000
3.0000,33.47,0.998273,0.009060,40.0000,20.0000
3.0000,33.87,0.998309,0.009167,40.0000,20.0000
3.0000,34.26,0.998343,0.009274,40.0000,20.0000
3.0000,34.66,0.998375,0.009381,40.0000,20.0000
3.0000,35.05,0.998405,0.009488,40.0000,20.0000
3.0000,35.45,0.998434,0.009596,40.0000,20.0000
3.0000,35.85,0.998461,0.009703,40.0000,20.0000
3.0000,36.24,0.998487,0.009810,40.0000,20.0000
3.0000,36.64,0.998507,0.009917,40.0000,20.0000
3.0000,37.03,0.998542,0.010024,40.0000,20.0000
3.0000,37.43,0.998510,0.010132,40.0000,20.0000
3.0000,37.83,0.998710,0.010239,40.0000,20.0000
3.0000,38.22,0.997938,0.010346,40.0000,20.0000
3.0000,38.62,0.999400,0.010453,40.0000,20.0000
3.0000,39.01,0.973749,0.010560,40.0000,20.0000
3.0000,39.41,0.837601,0.010668,40.0000,20.0000
3.0000,39.81,0.518057,0.010775,40.0000,20.0000
3.0000,40.20,0.798181,0.026576,40.0000,20.0000
3.0000,40.60,0.982134,0.026838,40.0000,20.0000
3.0000,40.99,0.995132,0.027099,40.0000,20.0000
3.0000,41.39,0.999087,0.027361,40.0000,20.0000
3.0000,41.79,0.998358,0.027623,40.0000,20.0000
3.0000,42.18,0.998439,0.027885,40.0000,20.0000
3.0000,42.58,0.998220,0.028146,40.0000,20.0000
3.0000,42.97,0.998065,0.028408,40.0000,20.0000
3.0000,43.37,0.997869,0.028670,40.0000,20.0000
3.0000,43.77,0.997660,0.028931,40.0000,20.0000
3.0000,44.16,0.997428,0.029193,40.0000,20.0000
3.0000,44.56,0.997172,0.029455,40.0000,20.0000
3.0000,44.95,0.996890,0.029716,40.0000,20.0000
3.0000,45.35,0.996580,0.029978,40.0000,20.0000
3.0000,45.74,0.996237,0.030240,40.0000,20.0000
3.0000,46.14,0.995867,0.030502,40.0000,20.0000
3.0000,46.54,0.995434,0.030763,40.0000,20.0000
3.0000,46.93,0.995074,0.031025,40.0000,20.0000
3.0000,47.33,0.994218,0.031287,40.0000,20.0000
3.0000,47.72,0.995087,0.031548,40.0000,20.0000
3.0000,48.12,0.987334,0.031810,40.0000,20.0000
3.0000,48.52,0.992131,0.032072,40.0000,20.0000
3.0000,48.91,0.777736,0.032333,40.0000,20.0000
3.0000,49.31,0.551951,0.032595,40.0000,20.0000
3.0000,49.70,0.501058,0.032857,40.0000,20.0000
3.0000,50.10,0.548098,0.004555,40.0000,20.0000
3.0000,50.50,0.826694,0.004591,40.0000,20.0000
3.0000,50.89,0.949520,0.004627,40.0000,20.0000
3.0000,51.29,0.995577,0.004663,40.0000,20.0000
3.0000,51.68,0.988952,0.004699,40.0000,20.0000
3.0000,52.08,0.990688,0.004735,40.0000,20.0000
3.0000,52.48,0.989346,0.004771,40.0000,20.0000
3.0000,52.87,0.988697,0.004807,40.0000,20.0000
3.0000,53.27,0.987667,0.004843,40.0000,20.0000
3.0000,53.66,0.986528,0.004879,40.0000,20.0000
3.0000,54.06,0.985146,0.004915,40.0000,20.0000
3.0000,54.46,0.983488,0.004951,40.0000,20.0000
3.0000,54.85,0.981463,0.004987,40.0000,20.0000
3.0000,55.25,0.978960,0.005023,40.0000,20.0000
3.0000,55.64,0.975818,0.005059,40.0000,20.0000
3.0000,56.04,0.971786,0.005095,40.0000,20.0000
3.0000,56.44,0.966575,0.005131,40.0000,20.0000
3.0000,56.83,0.959320,0.005167,40.0000,20.0000
3.0000,57.23,0.950498,0.005203,40.0000,20.0000
3.0000,57.62,0.932195,0.005239,40.0000,20.0000
3.0000,58.02,0.930045,0.005275,40.0000,20.0000
3.0000,58.42,0.795344,0.005311,40.0000,20.0000
3.0000,58.81,0.699395,0.005347,40.0000,20.0000
3.0000,59.21,0.504918,0.005383,40.0000,20.0000
3.0000,59.60,0.500511,0.005419,40.0000,20.0000
3.0000,60.00,0.499009,0.005455,40.0000,20.0000
3.5000,1.00,0.499998,0.043739,39.1667,20.8333
3.5000,1.40,0.499823,0.061049,39.1667,20.8333
3.5000,1.79,0.499896,0.078334,39.1667,20.8333
3.5000,2.19,0.499783,0.095550,39.1667,20.8333
3.5000,2.58,0.499745,0.112695,39.1667,20.8333
3.5000,2.98,0.499710,0.129770,39.1667,20.8333
3.5000,3.38,0.499735,0.146775,39.1667,20.8333
3.5000,3.77,0.499745,0.163712,39.1667,20.8333
3.5000,4.17,0.499911,0.180580,39.1667,20.8333
3.5000,4.56,0.493896,0.197380,39.1667,20.8333
3.5000,4.96,0.499997,0.214111,39.1667,20.8333
3.5000,5.36,0.495632,0.104815,39.1667,20.8333
3.5000,5.75,0.498627,0.112489,39.1667,20.8333
3.5000,6.15,0.496270,0.120154,39.1667,20.8333
3.5000,6.54,0.497753,0.127810,39.1667,20.8333
3.5000,6.94,0.497902,0.135457,39.1667,20.8333
3.5000,7.34,0.498334,0.143096,39.1667,20.8333
3.5000,7.73,0.498660,0.150726,39.1667,20.8333
3.5000,8.13,0.499127,0.158348,39.1667,20.8333
3.5000,8.52,0.499191,0.165960,39.1667,20.8333
3.5000,8.92,0.499879,0.173564,39.1667,20.8333
3.5000,9.32,0.499951,0.181159,39.1667,20.8333
3.5000,9.71,0.500000,0.188745,39.1667,20.8333
3.5000,10.11,0.500952,0.071470,39.1667,20.8333
3.5000,10.50,0.505164,0.074255,39.1667,20.8333
3.5000,10.90,0.604359,0.077039,39.1667,20.8333
3.5000,11.30,0.540817,0.079823,39.1667,20.8333
3.5000,11.69,0.559868,0.082607,39.1667,20.8333
3.5000,12.09,0.562302,0.085390,39.1667,20.8333
3.5000,12.48,0.569209,0.088172,39.1667,20.8333
3.5000,12.88,0.574103,0.090955,39.1667,20.8333
3.5000,13.28,0.578972,0.093736,39.1667,20.8333
3.5000,13.67,0.583358,0.096517,39.1667,20.8333
3.5000,14.07,0.587487,0.099298,39.1667,20.8333
3.5000,14.46,0.591377,0.102078,39.1667,20.8333
3.5000,14.86,0.595087,0.104857,39.1667,20.8333
3.5000,15.26,0.598660,0.107636,39.1667,20.8333
3.5000,15.65,0.602114,0.110415,39.1667,20.8333
3.5000,16.05,0.605529,0.113193,39.1667,20.8333
3.5000,16.44,0.608711,0.115970,39.1667,20.8333
3.5000,16.84,0.612477,0.118747,39.1667,20.8333
3.5000,17.23,0.613773,0.121524,39.1667,20.8333
3.5000,17.63,0.624451,0.124300,39.1667,20.8333
3.5000,18.03,0.601918,0.127075,39.1667,20.8333
3.5000,18.42,0.760792,0.129850,39.1667,20.8333
3.5000,18.82,0.522830,0.132624,39.1667,20.8333
3.5000,19.21,0.506296,0.135398,39.1667,20.8333
3.5000,19.61,0.500099,0.138171,39.1667,20.8333
3.5000,20.01,0.514723,0.011760,39.1667,20.8333
3.5000,20.40,0.663992,0.011993,39.1667,20.8333
3.5000,20.80,0.920412,0.012226,39.1667,20.8333
3.5000,21.19,0.998029,0.012458,39.1667,20.8333
3.5000,21.59,0.996869,0.012691,39.1667,20.8333
3.5000,21.99,0.998776,0.012923,39.1667,20.8333
3.5000,22.38,0.998451,0.013156,39.1667,20.8333
3.5000,22.78,0.998602,0.013389,39.1667,20.8333
3.5000,23.17,0.998620,0.013621,39.1667,20.8333
3.5000,23.57,0.998669,0.013854,39.1667,20.8333
3.5000,23.97,0.998708,0.014086,39.1667,20.8333
3.5000,24.36,0.998748,0.014319,39.1667,20.8333
3.5000,24.76,0.998786,0.014552,39.1667,20.8333
3.5000,25.15,0.998823,0.014784,39.1667,20.8333
3.5000,25.55,0.998860,0.015017,39.1667,20.8333
3.5000,25.95,0.998895,0.015250,39.1667,20.8333
3.5000,26.34,0.998929,0.015482,39.1667,20.8333
3.5000,26.74,0.998964,0.015715,39.1667,20.8333
3.5000,27.13,0.998994,0.015947,39.1667,20.8333
3.5000,27.53,0.999038,0.016180,39.1667,20.8333
3.5000,27.93,0.999028,0.016413,39.1667,20.8333
3.5000,28.32,0.999203,0.016645,39.1667,20.8333
3.5000,28.72,0.998604,0.016878,39.1667,20.8333
3.5000,29.11,0.999453,0.017111,39.1667,20.8333
3.5000,29.51,0.977143,0.017343,39.1667,20.8333
3.5000,29.91,0.680083,0.017576,39.1667,20.8333
3.5000,30.30,0.974174,0.012450,39.1667,20.8333
3.5000,30.70,0.999630,0.012613,39.1667,20.8333
3.5000,31.09,0.997853,0.012775,39.1667,20.8333
3.5000,31.49,0.998747,0.012938,39.1667,20.8333
3.5000,31.89,0.998590,0.013101,39.1667,20.8333
3.5000,32.28,0.998684,0.013263,39.1667,20.8333
3.5000,32.68,0.998708,0.013426,39.1667,20.8333
3.5000,33.07,0.998749,0.013589,39.1667,20.8333
3.5000,33.47,0.998785,0.013752,39.1667,20.8333
3.5000,33.87,0.998820,0.013914,39.1667,20.8333
3.5000,34.26,0.998854,0.014077,39.1667,20.8333
3.5000,34.66,0.998888,0.014240,39.1667,20.8333
3.5000,35.05,0.998919,0.014402,39.1667,20.8333
3.5000,35.45,0.998950,0.014565,39.1667,20.8333
3.5000,35.85,0.998979,0.014728,39.1667,20.8333
3.5000,36.24,0.999008,0.014890,39.1667,20.8333
3.5000,36.64,0.999034,0.015053,39.1667,20.8333
3.5000,37.03,0.999060,0.015216,39.1667,20.8333
3.5000,37.43,0.999084,0.015378,39.1667,20.8333
3.5000,37.83,0.999104,0.015541,39.1667,20.8333
3.5000,38.22,0.999134,0.015704,39.1667,20.8333
3.5000,38.62,0.999122,0.015867,39.1667,20.8333
3.5000,39.01,0.999246,0.016029,39.1667,20.8333
3.5000,39.41,0.998783,0.016192,39.1667,20.8333
3.5000,39.81,0.993174,0.016355,39.1667,20.8333
3.5000,40.20,0.998789,0.016208,39.1667,20.8333
3.5000,40.60,0.999267,0.016367,39.1667,20.8333
3.5000,40.99,0.999180,0.016527,39.1667,20.8333
3.5000,41.39,0.999214,0.016686,39.1667,20.8333
3.5000,41.79,0.999212,0.016846,39.1667,20.8333
3.5000,42.18,0.999216,0.017006,39.1667,20.8333
3.5000,42.58,0.999216,0.017165,39.1667,20.8333
3.5000,42.97,0.999213,0.017325,39.1667,20.8333
3.5000,43.37,0.999208,0.017484,39.1667,20.8333
3.5000,43.77,0.999200,0.017644,39.1667,20.8333
3.5000,44.16,0.999188,0.017804,39.1667,20.8333
3.5000,44.56,0.999173,0.017963,39.1667,20.8333
3.5000,44.95,0.999154,0.018123,39.1667,20.8333
3.5000,45.35,0.999132,0.018283,39.1667,20.8333
3.5000,45.74,0.999105,0.018442,39.1667,20.8333
3.5000,46.14,0.999073,0.018602,39.1667,20.8333
3.5000,46.54,0.999037,0.018761,39.1667,20.8333
3.5000,46.93,0.998995,0.018921,39.1667,20.8333
3.5000,47.33,0.998948,0.019081,39.1667,20.8333
3.5000,47.72,0.998890,0.019240,39.1667,20.8333
3.5000,48.12,0.998816,0.019400,39.1667,20.8333
3.5000,48.52,0.998625,0.019559,39.1667,20.8333
3.5000,48.91,0.995884,0.019719,39.1667,20.8333
3.5000,49.31,0.964577,0.019879,39.1667,20.8333
3.5000,49.70,0.601934,0.020038,39.1667,20.8333
3.5000,50.10,0.956964,0.016180,39.1667,20.8333
3.5000,50.50,0.995867,0.016308,39.1667,20.8333
3.5000,50.89,0.997672,0.016436,39.1667,20.8333
3.5000,51.29,0.998025,0.016564,39.1667,20.8333
3.5000,51.68,0.997822,0.016692,39.1667,20.8333
3.5000,52.08,0.997658,0.016819,39.1667,20.8333
3.5000,52.48,0.997443,0.016947,39.1667,20.8333
3.5000,52.87,0.997195,0.017075,39.1667,20.8333
3.5000,53.27,0.996903,0.017203,39.1667,20.8333
3.5000,53.66,0.996555,0.017331,39.1667,20.8333
3.5000,54.06,0.996137,0.017459,39.1667,20.8333
3.5000,54.46,0.995631,0.017587,39.1667,20.8333
3.5000,54.85,0.995008,0.017715,39.1667,20.8333
3.5000,55.25,0.994232,0.017842,39.1667,20.8333
3.5000,55.64,0.993248,0.017970,39.1667,20.8333
3.5000,56.04,0.991976,0.018098,39.1667,20.8333
3.5000,56.44,0.990285,0.018226,39.1667,20.8333
3.5000,56.83,0.988000,0.018354,39.1667,20.8333
3.5000,57.23,0.984638,0.018482,39.1667,20.8333
3.5000,57.62,0.980056,0.018610,39.1667,20.8333
3.5000,58.02,0.965801,0.018738,39.1667,20.8333
3.5000,58.42,0.893438,0.018865,39.1667,20.8333
3.5000,58.81,0.579098,0.018993,39.1667,20.8333
3.5000,59.21,0.503368,0.019121,39.1667,20.8333
3.5000,59.60,0.500393,0.019249,39.1667,20.8333
3.5000,60.00,0.499728,0.019377,39.1667,20.8333
4.0000,1.00,0.499998,0.035485,38.3333,21.6667
4.0000,1.40,0.499619,0.049532,38.3333,21.6667
4.0000,1.79,0.499836,0.063563,38.3333,21.6667
4.0000,2.19,0.499614,0.077554,38.3333,21.6667
4.0000,2.58,0.499518,0.091503,38.3333,21.6667
4.0000,2.98,0.499391,0.105411,38.3333,21.6667
4.0000,3.38,0.499359,0.119277,38.3333,21.6667
4.0000,3.77,0.499231,0.133104,38.3333,21.6667
4.0000,4.17,0.499590,0.146890,38.3333,21.6667
4.0000,4.56,0.455372,0.160636,38.3333,21.6667
4.0000,4.96,0.499987,0.174343,38.3333,21.6667
4.0000,5.36,0.489194,0.084949,38.3333,21.6667
4.0000,5.75,0.496135,0.091183,38.3333,21.6667
4.0000,6.15,0.487933,0.097413,38.3333,21.6667
4.0000,6.54,0.491752,0.103638,38.3333,21.6667
4.0000,6.94,0.491031,0.109857,38.3333,21.6667
4.0000,7.34,0.491488,0.116072,38.3333,21.6667
4.0000,7.73,0.491541,0.122282,38.3333,21.6667
4.0000,8.13,0.492539,0.128486,38.3333,21.6667
4.0000,8.52,0.490590,0.134686,38.3333,21.6667
4.0000,8.92,0.496615,0.140881,38.3333,21.6667
4.0000,9.32,0.478665,0.147071,38.3333,21.6667
4.0000,9.71,0.499946,0.153255,38.3333,21.6667
4.0000,10.11,0.487278,0.081012,38.3333,21.6667
4.0000,10.50,0.484263,0.084170,38.3333,21.6667
4.0000,10.90,0.405471,0.087327,38.3333,21.6667
4.0000,11.30,0.455749,0.090483,38.3333,21.6667
4.0000,11.69,0.451073,0.093639,38.3333,21.6667
4.0000,12.09,0.456085,0.096794,38.3333,21.6667
4.0000,12.48,0.458493,0.099948,38.3333,21.6667
4.0000,12.88,0.461607,0.103102,38.3333,21.6667
4.0000,13.28,0.464675,0.106255,38.3333,21.6667
4.0000,13.67,0.467928,0.109408,38.3333,21.6667
4.0000,14.07,0.471345,0.112560,38.3333,21.6667
4.0000,14.46,0.474950,0.115711,38.3333,21.6667
4.0000,14.86,0.478748,0.118862,38.3333,21.6667
4.0000,15.26,0.482732,0.122012,38.3333,21.6667
4.0000,15.65,0.486894,0.125161,38.3333,21.6667
4.0000,16.05,0.491205,0.128309,38.3333,21.6667
4.0000,16.44,0.495655,0.131457,38.3333,21.6667
4.0000,16.84,0.500186,0.134604,38.3333,21.6667
4.0000,17.23,0.504696,0.137751,38.3333,21.6667
4.0000,17.63,0.509960,0.140897,38.3333,21.6667
4.0000,18.03,0.511266,0.144042,38.3333,21.6667
4.0000,18.42,0.552353,0.147186,38.3333,21.6667
4.0000,18.82,0.503486,0.150329,38.3333,21.6667
4.0000,19.21,0.501135,0.153472,38.3333,21.6667
4.0000,19.61,0.500020,0.156614,38.3333,21.6667
4.0000,20.01,0.504740,0.013910,38.3333,21.6667
4.0000,20.40,0.567766,0.014185,38.3333,21.6667
4.0000,20.80,0.849564,0.014460,38.3333,21.6667
4.0000,21.19,0.988772,0.014736,38.3333,21.6667
4.0000,21.59,0.997842,0.015011,38.3333,21.6667
4.0000,21.99,0.999501,0.015286,38.3333,21.6667
4.0000,22.38,0.999373,0.015561,38.3333,21.6667
4.0000,22.78,0.999457,0.015836,38.3333,21.6667
4.0000,23.17,0.999466,0.016111,38.3333,21.6667
4.0000,23.57,0.999490,0.016387,38.3333,21.6667
4.0000,23.97,0.999507,0.016662,38.3333,21.6667
4.0000,24.36,0.999524,0.016937,38.3333,21.6667
4.0000,24.76,0.999539,0.017212,38.3333,21.6667
4.0000,25.15,0.999554,0.017487,38.3333,21.6667
4.0000,25.55,0.999567,0.017762,38.3333,21.6667
4.0000,25.95,0.999581,0.018038,38.3333,21.6667
4.0000,26.34,0.999593,0.018313,38.3333,21.6667
4.0000,26.74,0.999605,0.018588,38.3333,21.6667
4.0000,27.13,0.999615,0.018863,38.3333,21.6667
4.0000,27.53,0.999631,0.019138,38.3333,21.6667
4.0000,27.93,0.999621,0.019414,38.3333,21.6667
4.0000,28.32,0.999688,0.019689,38.3333,21.6667
4.0000,28.72,0.999307,0.019964,38.3333,21.6667
4.0000,29.11,0.998035,0.020239,38.3333,21.6667
4.0000,29.51,0.967990,0.020515,38.3333,21.6667
4.0000,29.91,0.622255,0.020790,38.3333,21.6667
4.0000,30.30,0.963411,0.015119,38.3333,21.6667
4.0000,30.70,0.999213,0.015317,38.3333,21.6667
4.0000,31.09,0.998426,0.015514,38.3333,21.6667
4.0000,31.49,0.999330,0.015712,38.3333,21.6667
4.0000,31.89,0.999172,0.015909,38.3333,21.6667
4.0000,32.28,0.999248,0.016107,38.3333,21.6667
4.0000,32.68,0.999258,0.016305,38.3333,21.6667
4.0000,33.07,0.999284,0.016502,38.3333,21.6667
4.0000,33.47,0.999305,0.016700,38.3333,21.6667
4.0000,33.87,0.999327,0.016897,38.3333,21.6667
4.0000,34.26,0.999347,0.017095,38.3333,21.6667
4.0000,34.66,0.999367,0.017292,38.3333,21.6667
4.0000,35.05,0.999386,0.017490,38.3333,21.6667
4.0000,35.45,0.999404,0.017688,38.3333,21.6667
4.0000,35.85,0.999420,0.017885,38.3333,21.6667
4.0000,36.24,0.999436,0.018083,38.3333,21.6667
4.0000,36.64,0.999452,0.018280,38.3333,21.6667
4.0000,37.03,0.999463,0.018478,38.3333,21.6667
4.0000,37.43,0.999486,0.018676,38.3333,21.6667
4.0000,37.83,0.999460,0.018873,38.3333,21.6667
4.0000,38.22,0.999584,0.019071,38.3333,21.6667
4.0000,38.62,0.998908,0.019268,38.3333,21.6667
4.0000,39.01,0.997336,0.019466,38.3333,21.6667
4.0000,39.41,0.950886,0.019664,38.3333,21.6667
4.0000,39.81,0.583828,0.019861,38.3333,21.6667
4.0000,40.20,0.944132,0.013517,38.3333,21.6667
4.0000,40.60,0.998475,0.013651,38.3333,21.6667
4.0000,40.99,0.997766,0.013784,38.3333,21.6667
4.0000,41.39,0.999117,0.013917,38.3333,21.6667
4.0000,41.79,0.998856,0.014050,38.3333,21.6667
4.0000,42.18,0.998945,0.014183,38.3333,21.6667
4.0000,42.58,0.998933,0.014316,38.3333,21.6667
4.0000,42.97,0.998946,0.014449,38.3333,21.6667
4.0000,43.37,0.998949,0.014582,38.3333,21.6667
4.0000,43.77,0.998952,0.014715,38.3333,21.6667
4.0000,44.16,0.998953,0.014849,38.3333,21.6667
4.0000,44.56,0.998952,0.014982,38.3333,21.6667
4.0000,44.95,0.998948,0.015115,38.3333,21.6667
4.0000,45.35,0.998942,0.015248,38.3333,21.6667
4.0000,45.74,0.998933,0.015381,38.3333,21.6667
4.0000,46.14,0.998920,0.015514,38.3333,21.6667
4.0000,46.54,0.998907,0.015647,38.3333,21.6667
4.0000,46.93,0.998882,0.015780,38.3333,21.6667
4.0000,47.33,0.998886,0.015914,38.3333,21.6667
4.0000,47.72,0.998756,0.016047,38.3333,21.6667
4.0000,48.12,0.999042,0.016180,38.3333,21.6667
4.0000,48.52,0.996749,0.016313,38.3333,21.6667
4.0000,48.91,0.989531,0.016446,38.3333,21.6667
4.0000,49.31,0.847807,0.016579,38.3333,21.6667
4.0000,49.70,0.522815,0.016712,38.3333,21.6667
4.0000,50.10,0.827034,0.008702,38.3333,21.6667
4.0000,50.50,0.992568,0.008770,38.3333,21.6667
4.0000,50.89,0.991528,0.008839,38.3333,21.6667
4.0000,51.29,0.996950,0.008908,38.3333,21.6667
4.0000,51.68,0.995534,0.008977,38.3333,21.6667
4.0000,52.08,0.995643,0.009045,38.3333,21.6667
4.0000,52.48,0.995234,0.009114,38.3333,21.6667
4.0000,52.87,0.994906,0.009183,38.3333,21.6667
4.0000,53.27,0.994476,0.009252,38.3333,21.6667
4.0000,53.66,0.993978,0.009321,38.3333,21.6667
4.0000,54.06,0.993376,0.009389,38.3333,21.6667
4.0000,54.46,0.992648,0.009458,38.3333,21.6667
4.0000,54.85,0.991754,0.009527,38.3333,21.6667
4.0000,55.25,0.990641,0.009596,38.3333,21.6667
4.0000,55.64,0.989236,0.009664,38.3333,21.6667
4.0000,56.04,0.987411,0.009733,38.3333,21.6667
4.0000,56.44,0.985056,0.009802,38.3333,21.6667
4.0000,56.83,0.981614,0.009871,38.3333,21.6667
4.0000,57.23,0.977895,0.009939,38.3333,21.6667
4.0000,57.62,0.966946,0.010008,38.3333,21.6667
4.0000,58.02,0.973826,0.010077,38.3333,21.6667
4.0000,58.42,0.830004,0.010146,38.3333,21.6667
4.0000,58.81,0.633765,0.010215,38.3333,21.6667
4.0000,59.21,0.504016,0.010283,38.3333,21.6667
4.0000,59.60,0.500664,0.010352,38.3333,21.6667
4.0000,60.00,0.499758,0.010421,38.3333,21.6667
4.5000,1.00,0.499997,0.042896,37.5000,22.5000
4.5000,1.40,0.499622,0.059873,37.5000,22.5000
4.5000,1.79,0.499869,0.076828,37.5000,22.5000
4.5000,2.19,0.499698,0.093728,37.5000,22.5000
4.5000,2.58,0.499644,0.110568,37.5000,22.5000
4.5000,2.98,0.499582,0.127351,37.5000,22.5000
4.5000,3.38,0.499591,0.144075,37.5000,22.5000
4.5000,3.77,0.499621,0.160741,37.5000,22.5000
4.5000,4.17,0.499798,0.177349,37.5000,22.5000
4.5000,4.56,0.499685,0.193899,37.5000,22.5000
4.5000,4.96,0.499952,0.210389,37.5000,22.5000
4.5000,5.36,0.497800,0.174542,37.5000,22.5000
4.5000,5.75,0.499745,0.187271,37.5000,22.5000
4.5000,6.15,0.499721,0.199976,37.5000,22.5000
4.5000,6.54,0.499743,0.212656,37.5000,22.5000
4.5000,6.94,0.499742,0.225311,37.5000,22.5000
4.5000,7.34,0.499759,0.237940,37.5000,22.5000
4.5000,7.73,0.499773,0.250542,37.5000,22.5000
4.5000,8.13,0.499830,0.263118,37.5000,22.5000
4.5000,8.52,0.499785,0.275665,37.5000,22.5000
4.5000,8.92,0.499971,0.288184,37.5000,22.5000
4.5000,9.32,0.499995,0.300674,37.5000,22.5000
4.5000,9.71,0.500000,0.313134,37.5000,22.5000
4.5000,10.11,0.500457,0.056525,37.5000,22.5000
4.5000,10.50,0.505707,0.058731,37.5000,22.5000
4.5000,10.90,0.951415,0.060937,37.5000,22.5000
4.5000,11.30,0.622875,0.063143,37.5000,22.5000
4.5000,11.69,0.723211,0.065349,37.5000,22.5000
4.5000,12.09,0.710571,0.067555,37.5000,22.5000
4.5000,12.48,0.730716,0.069760,37.5000,22.5000
4.5000,12.88,0.739613,0.071965,37.5000,22.5000
4.5000,13.28,0.749439,0.074170,37.5000,22.5000
4.5000,13.67,0.757282,0.076375,37.5000,22.5000
4.5000,14.07,0.764237,0.078579,37.5000,22.5000
4.5000,14.46,0.770255,0.080783,37.5000,22.5000
4.5000,14.86,0.775543,0.082988,37.5000,22.5000
4.5000,15.26,0.780208,0.085191,37.5000,22.5000
4.5000,15.65,0.784330,0.087395,37.5000,22.5000
4.5000,16.05,0.788071,0.089599,37.5000,22.5000
4.5000,16.44,0.791184,0.091802,37.5000,22.5000
4.5000,16.84,0.794897,0.094005,37.5000,22.5000
4.5000,17.23,0.794904,0.096208,37.5000,22.5000
4.5000,17.63,0.807519,0.098410,37.5000,22.5000
4.5000,18.03,0.773386,0.100613,37.5000,22.5000
4.5000,18.42,0.920854,0.102815,37.5000,22.5000
4.5000,18.82,0.587724,0.105017,37.5000,22.5000
4.5000,19.21,0.525747,0.107218,37.5000,22.5000
4.5000,19.61,0.500421,0.109420,37.5000,22.5000
4.5000,20.01,0.538453,0.014228,37.5000,22.5000
4.5000,20.40,0.788085,0.014510,37.5000,22.5000
4.5000,20.80,0.962735,0.014791,37.5000,22.5000
4.5000,21.19,0.999303,0.015073,37.5000,22.5000
4.5000,21.59,0.997783,0.015354,37.5000,22.5000
4.5000,21.99,0.998839,0.015635,37.5000,22.5000
4.5000,22.38,0.998659,0.015917,37.5000,22.5000
4.5000,22.78,0.998760,0.016198,37.5000,22.5000
4.5000,23.17,0.998784,0.016480,37.5000,22.5000
4.5000,23.57,0.998827,0.016761,37.5000,22.5000
4.5000,23.97,0.998863,0.017043,37.5000,22.5000
4.5000,24.36,0.998901,0.017324,37.5000,22.5000
4.5000,24.76,0.998937,0.017606,37.5000,22.5000
4.5000,25.15,0.998972,0.017887,37.5000,22.5000
4.5000,25.55,0.999007,0.018169,37.5000,22.5000
4.5000,25.95,0.999040,0.018451,37.5000,22.5000
4.5000,26.34,0.999074,0.018732,37.5000,22.5000
4.5000,26.74,0.999104,0.019014,37.5000,22.5000
4.5000,27.13,0.999140,0.019295,37.5000,22.5000
4.5000,27.53,0.999154,0.019577,37.5000,22.5000
4.5000,27.93,0.999237,0.019858,37.5000,22.5000
4.5000,28.32,0.999050,0.020140,37.5000,22.5000
4.5000,28.72,0.999556,0.020421,37.5000,22.5000
4.5000,29.11,0.993825,0.020703,37.5000,22.5000
4.5000,29.51,0.960146,0.020984,37.5000,22.5000
4.5000,29.91,0.586447,0.021266,37.5000,22.5000
4.5000,30.30,0.947364,0.031139,37.5000,22.5000
4.5000,30.70,0.997077,0.031546,37.5000,22.5000
4.5000,31.09,0.998614,0.031953,37.5000,22.5000
4.5000,31.49,0.999420,0.032360,37.5000,22.5000
4.5000,31.89,0.999225,0.032767,37.5000,22.5000
4.5000,32.28,0.999230,0.033174,37.5000,22.5000
4.5000,32.68,0.999164,0.033580,37.5000,22.5000
4.5000,33.07,0.999113,0.033987,37.5000,22.5000
4.5000,33.47,0.999052,0.034394,37.5000,22.5000
4.5000,33.87,0.998987,0.034801,37.5000,22.5000
4.5000,34.26,0.998917,0.035208,37.5000,22.5000
4.5000,34.66,0.998843,0.035615,37.5000,22.5000
4.5000,35.05,0.998763,0.036022,37.5000,22.5000
4.5000,35.45,0.998677,0.036429,37.5000,22.5000
4.5000,35.85,0.998586,0.036836,37.5000,22.5000
4.5000,36.24,0.998490,0.037243,37.5000,22.5000
4.5000,36.64,0.998382,0.037650,37.5000,22.5000
4.5000,37.03,0.998292,0.038057,37.5000,22.5000
4.5000,37.43,0.998100,0.038464,37.5000,22.5000
4.5000,37.83,0.998271,0.038870,37.5000,22.5000
4.5000,38.22,0.996804,0.039277,37.5000,22.5000
4.5000,38.62,0.999255,0.039684,37.5000,22.5000
4.5000,39.01,0.954563,0.040091,37.5000,22.5000
4.5000,39.41,0.774028,0.040498,37.5000,22.5000
4.5000,39.81,0.510728,0.040905,37.5000,22.5000
4.5000,40.20,0.764736,0.019176,37.5000,22.5000
4.5000,40.60,0.973262,0.019365,37.5000,22.5000
4.5000,40.99,0.995795,0.019554,37.5000,22.5000
4.5000,41.39,0.999193,0.019743,37.5000,22.5000
4.5000,41.79,0.999024,0.019932,37.5000,22.5000
4.5000,42.18,0.999107,0.020120,37.5000,22.5000
4.5000,42.58,0.999076,0.020309,37.5000,22.5000
4.5000,42.97,0.999066,0.020498,37.5000,22.5000
4.5000,43.37,0.999046,0.020687,37.5000,22.5000
4.5000,43.77,0.999023,0.020876,37.5000,22.5000
4.5000,44.16,0.998997,0.021065,37.5000,22.5000
4.5000,44.56,0.998966,0.021253,37.5000,22.5000
4.5000,44.95,0.998930,0.021442,37.5000,22.5000
4.5000,45.35,0.998889,0.021631,37.5000,22.5000
4.5000,45.74,0.998842,0.021820,37.5000,22.5000
4.5000,46.14,0.998789,0.022009,37.5000,22.5000
4.5000,46.54,0.998730,0.022198,37.5000,22.5000
4.5000,46.93,0.998663,0.022386,37.5000,22.5000
4.5000,47.33,0.998586,0.022575,37.5000,22.5000
4.5000,47.72,0.998506,0.022764,37.5000,22.5000
4.5000,48.12,0.998389,0.022953,37.5000,22.5000
4.5000,48.52,0.998358,0.023142,37.5000,22.5000
4.5000,48.91,0.997519,0.023331,37.5000,22.5000
4.5000,49.31,0.994910,0.023519,37.5000,22.5000
4.5000,49.70,0.841313,0.023708,37.5000,22.5000
4.5000,50.10,0.993947,0.022448,37.5000,22.5000
4.5000,50.50,0.996851,0.022625,37.5000,22.5000
4.5000,50.89,0.997572,0.022802,37.5000,22.5000
4.5000,51.29,0.997204,0.022980,37.5000,22.5000
4.5000,51.68,0.997002,0.023157,37.5000,22.5000
4.5000,52.08,0.996689,0.023335,37.5000,22.5000
4.5000,52.48,0.996350,0.023512,37.5000,22.5000
4.5000,52.87,0.995947,0.023689,37.5000,22.5000
4.5000,53.27,0.995476,0.023867,37.5000,22.5000
4.5000,53.66,0.994917,0.024044,37.5000,22.5000
4.5000,54.06,0.994248,0.024222,37.5000,22.5000
4.5000,54.46,0.993440,0.024399,37.5000,22.5000
4.5000,54.85,0.992449,0.024576,37.5000,22.5000
4.5000,55.25,0.991219,0.024754,37.5000,22.5000
4.5000,55.64,0.989661,0.024931,37.5000,22.5000
4.5000,56.04,0.987661,0.025109,37.5000,22.5000
4.5000,56.44,0.984984,0.025286,37.5000,22.5000
4.5000,56.83,0.981505,0.025463,37.5000,22.5000
4.5000,57.23,0.975838,0.025641,37.5000,22.5000
4.5000,57.62,0.970982,0.025818,37.5000,22.5000
4.5000,58.02,0.941221,0.025995,37.5000,22.5000
4.5000,58.42,0.909042,0.026173,37.5000,22.5000
4.5000,58.81,0.561901,0.026350,37.5000,22.5000
4.5000,59.21,0.502940,0.026528,37.5000,22.5000
4.5000,59.60,0.500269,0.026705,37.5000,22.5000
4.5000,60.00,0.499699,0.026882,37.5000,22.5000
5.0000,1.00,0.499998,0.061153,36.6667,23.3333
5.0000,1.40,0.499950,0.085343,36.6667,23.3333
5.0000,1.79,0.499960,0.109490,36.6667,23.3333
5.0000,2.19,0.499936,0.133541,36.6667,23.3333
5.0000,2.58,0.499944,0.157492,36.6667,23.3333
5.0000,2.98,0.499967,0.181338,36.6667,23.3333
5.0000,3.38,0.499980,0.205076,36.6667,23.3333
5.0000,3.77,0.499974,0.228704,36.6667,23.3333
5.0000,4.17,0.499987,0.252218,36.6667,23.3333
5.0000,4.56,0.496983,0.275614,36.6667,23.3333
5.0000,4.96,0.500000,0.298888,36.6667,23.3333
5.0000,5.36,0.499970,0.108353,36.6667,23.3333
5.0000,5.75,0.500189,0.116302,36.6667,23.3333
5.0000,6.15,0.502065,0.124243,36.6667,23.3333
5.0000,6.54,0.501517,0.132177,36.6667,23.3333
5.0000,6.94,0.502108,0.140104,36.6667,23.3333
5.0000,7.34,0.502216,0.148023,36.6667,23.3333
5.0000,7.73,0.502393,0.155935,36.6667,23.3333
5.0000,8.13,0.502123,0.163839,36.6667,23.3333
5.0000,8.52,0.502943,0.171735,36.6667,23.3333
5.0000,8.92,0.500732,0.179623,36.6667,23.3333
5.0000,9.32,0.501030,0.187502,36.6667,23.3333
5.0000,9.71,0.500006,0.195374,36.6667,23.3333
5.0000,10.11,0.505675,0.067222,36.6667,23.3333
5.0000,10.50,0.525597,0.069846,36.6667,23.3333
5.0000,10.90,0.824340,0.072470,36.6667,23.3333
5.0000,11.30,0.640782,0.075093,36.6667,23.3333
5.0000,11.69,0.681477,0.077716,36.6667,23.3333
5.0000,12.09,0.675997,0.080339,36.6667,23.3333
5.0000,12.48,0.682970,0.082962,36.6667,23.3333
5.0000,12.88,0.685767,0.085584,36.6667,23.3333
5.0000,13.28,0.688963,0.088206,36.6667,23.3333
5.0000,13.67,0.691427,0.090828,36.6667,23.3333
5.0000,14.07,0.693558,0.093450,36.6667,23.3333
5.0000,14.46,0.695329,0.096071,36.6667,23.3333
5.0000,14.86,0.696817,0.098691,36.6667,23.3333
5.0000,15.26,0.698067,0.101312,36.6667,23.3333
5.0000,15.65,0.699099,0.103932,36.6667,23.3333
5.0000,16.05,0.700028,0.106552,36.6667,23.3333
5.0000,16.44,0.700583,0.109171,36.6667,23.3333
5.0000,16.84,0.701915,0.111790,36.6667,23.3333
5.0000,17.23,0.699852,0.114409,36.6667,23.3333
5.0000,17.63,0.710249,0.117028,36.6667,23.3333
5.0000,18.03,0.676256,0.119646,36.6667,23.3333
5.0000,18.42,0.845049,0.122263,36.6667,23.3333
5.0000,18.82,0.544047,0.124881,36.6667,23.3333
5.0000,19.21,0.512320,0.127497,36.6667,23.3333
5.0000,19.61,0.500192,0.130114,36.6667,23.3333
5.0000,20.01,0.523617,0.014244,36.6667,23.3333
5.0000,20.40,0.717120,0.014526,36.6667,23.3333
5.0000,20.80,0.946809,0.014807,36.6667,23.3333
5.0000,21.19,0.998320,0.015089,36.6667,23.3333
5.0000,21.59,0.998108,0.015371,36.6667,23.3333
5.0000,21.99,0.999231,0.015653,36.6667,23.3333
5.0000,22.38,0.999049,0.015935,36.6667,23.3333
5.0000,22.78,0.999137,0.016217,36.6667,23.3333
5.0000,23.17,0.999150,0.016498,36.6667,23.3333
5.0000,23.57,0.999181,0.016780,36.6667,23.3333
5.0000,23.97,0.999206,0.017062,36.6667,23.3333
5.0000,24.36,0.999232,0.017344,36.6667,23.3333
5.0000,24.76,0.999257,0.017626,36.6667,23.3333
5.0000,25.15,0.999281,0.017908,36.6667,23.3333
5.0000,25.55,0.999304,0.018190,36.6667,23.3333
5.0000,25.95,0.999326,0.018472,36.6667,23.3333
5.0000,26.34,0.999348,0.018753,36.6667,23.3333
5.0000,26.74,0.999365,0.019035,36.6667,23.3333
5.0000,27.13,0.999393,0.019317,36.6667,23.3333
5.0000,27.53,0.999376,0.019599,36.6667,23.3333
5.0000,27.93,0.999498,0.019881,36.6667,23.3333
5.0000,28.32,0.998904,0.020163,36.6667,23.3333
5.0000,28.72,0.997666,0.020445,36.6667,23.3333
5.0000,29.11,0.958000,0.020727,36.6667,23.3333
5.0000,29.51,0.732219,0.021009,36.6667,23.3333
5.0000,29.91,0.508434,0.021291,36.6667,23.3333
5.0000,30.30,0.680156,0.050826,36.6667,23.3333
5.0000,30.70,0.980463,0.051490,36.6667,23.3333
5.0000,31.09,0.976138,0.052154,36.6667,23.3333
5.0000,31.49,0.993315,0.052818,36.6667,23.3333
5.0000,31.89,0.988984,0.053482,36.6667,23.3333
5.0000,32.28,0.989593,0.054146,36.6667,23.3333
5.0000,32.68,0.988708,0.054810,36.6667,23.3333
5.0000,33.07,0.988198,0.055474,36.6667,23.3333
5.0000,33.47,0.987548,0.056138,36.6667,23.3333
5.0000,33.87,0.986901,0.056802,36.6667,23.3333
5.0000,34.26,0.986218,0.057466,36.6667,23.3333
5.0000,34.66,0.985510,0.058130,36.6667,23.3333
5.0000,35.05,0.984775,0.058794,36.6667,23.3333
5.0000,35.45,0.984017,0.059458,36.6667,23.3333
5.0000,35.85,0.983232,0.060122,36.6667,23.3333
5.0000,36.24,0.982447,0.060786,36.6667,23.3333
5.0000,36.64,0.981573,0.061450,36.6667,23.3333
5.0000,37.03,0.980967,0.062114,36.6667,23.3333
5.0000,37.43,0.979269,0.062778,36.6667,23.3333
5.0000,37.83,0.981676,0.063442,36.6667,23.3333
5.0000,38.22,0.967153,0.064106,36.6667,23.3333
5.0000,38.62,0.999072,0.064770,36.6667,23.3333
5.0000,39.01,0.756420,0.065434,36.6667,23.3333
5.0000,39.41,0.562899,0.066098,36.6667,23.3333
5.0000,39.81,0.501265,0.066762,36.6667,23.3333
5.0000,40.20,0.569158,0.019154,36.6667,23.3333
5.0000,40.60,0.849010,0.019342,36.6667,23.3333
5.0000,40.99,0.980962,0.019531,36.6667,23.3333
5.0000,41.39,0.998373,0.019720,36.6667,23.3333
5.0000,41.79,0.998732,0.019908,36.6667,23.3333
5.0000,42.18,0.998987,0.020097,36.6667,23.3333
5.0000,42.58,0.998934,0.020285,36.6667,23.3333
5.0000,42.97,0.998929,0.020474,36.6667,23.3333
5.0000,43.37,0.998906,0.020663,36.6667,23.3333
5.0000,43.77,0.998884,0.020851,36.6667,23.3333
5.0000,44.16,0.998857,0.021040,36.6667,23.3333
5.0000,44.56,0.998827,0.021228,36.6667,23.3333
5.0000,44.95,0.998793,0.021417,36.6667,23.3333
5.0000,45.35,0.998754,0.021606,36.6667,23.3333
5.0000,45.74,0.998710,0.021794,36.6667,23.3333
5.0000,46.14,0.998660,0.021983,36.6667,23.3333
5.0000,46.54,0.998605,0.022171,36.6667,23.3333
5.0000,46.93,0.998544,0.022360,36.6667,23.3333
5.0000,47.33,0.998473,0.022549,36.6667,23.3333
5.0000,47.72,0.998403,0.022737,36.6667,23.3333
5.0000,48.12,0.998277,0.022926,36.6667,23.3333
5.0000,48.52,0.998215,0.023115,36.6667,23.3333
5.0000,48.91,0.995735,0.023303,36.6667,23.3333
5.0000,49.31,0.974663,0.023492,36.6667,23.3333
5.0000,49.70,0.633427,0.023680,36.6667,23.3333
5.0000,50.10,0.969283,0.020842,36.6667,23.3333
5.0000,50.50,0.995516,0.021007,36.6667,23.3333
5.0000,50.89,0.997317,0.021172,36.6667,23.3333
5.0000,51.29,0.997299,0.021337,36.6667,23.3333
5.0000,51.68,0.997107,0.021501,36.6667,23.3333
5.0000,52.08,0.996861,0.021666,36.6667,23.3333
5.0000,52.48,0.996581,0.021831,36.6667,23.3333
5.0000,52.87,0.996252,0.021995,36.6667,23.3333
5.0000,53.27,0.995866,0.022160,36.6667,23.3333
5.0000,53.66,0.995407,0.022325,36.6667,23.3333
5.0000,54.06,0.994859,0.022490,36.6667,23.3333
5.0000,54.46,0.994195,0.022654,36.6667,23.3333
5.0000,54.85,0.993382,0.022819,36.6667,23.3333
5.0000,55.25,0.992371,0.022984,36.6667,23.3333
5.0000,55.64,0.991093,0.023148,36.6667,23.3333
5.0000,56.04,0.989445,0.023313,36.6667,23.3333
5.0000,56.44,0.987255,0.023478,36.6667,23.3333
5.0000,56.83,0.984331,0.023643,36.6667,23.3333
5.0000,57.23,0.979921,0.023807,36.6667,23.3333
5.0000,57.62,0.974587,0.023972,36.6667,23.3333
5.0000,58.02,0.955802,0.024137,36.6667,23.3333
5.0000,58.42,0.897407,0.024301,36.6667,23.3333
5.0000,58.81,0.578233,0.024466,36.6667,23.3333
5.0000,59.21,0.503468,0.024631,36.6667,23.3333
5.0000,59.60,0.500345,0.024795,36.6667,23.3333
5.0000,60.00,0.499639,0.024960,36.6667,23.3333
5.5000,1.00,0.500000,0.088078,35.8333,24.1667
5.5000,1.40,0.499989,0.122879,35.8333,24.1667
5.5000,1.79,0.499991,0.157575,35.8333,24.1667
5.5000,2.19,0.499996,0.192065,35.8333,24.1667
5.5000,2.58,0.499995,0.226333,35.8333,24.1667
5.5000,2.98,0.499994,0.260365,35.8333,24.1667
5.5000,3.38,0.499995,0.294148,35.8333,24.1667
5.5000,3.77,0.499996,0.327670,35.8333,24.1667
5.5000,4.17,0.500000,0.360920,35.8333,24.1667
5.5000,4.56,0.500225,0.393884,35.8333,24.1667
5.5000,4.96,0.500000,0.426552,35.8333,24.1667
5.5000,5.36,0.500269,0.132518,35.8333,24.1667
5.5000,5.75,0.500654,0.142225,35.8333,24.1667
5.5000,6.15,0.505606,0.151922,35.8333,24.1667
5.5000,6.54,0.502497,0.161606,35.8333,24.1667
5.5000,6.94,0.502682,0.171280,35.8333,24.1667
5.5000,7.34,0.501956,0.180941,35.8333,24.1667
5.5000,7.73,0.501233,0.190590,35.8333,24.1667
5.5000,8.13,0.501241,0.200227,35.8333,24.1667
5.5000,8.52,0.502233,0.209851,35.8333,24.1667
5.5000,8.92,0.500630,0.219462,35.8333,24.1667
5.5000,9.32,0.500938,0.229059,35.8333,24.1667
5.5000,9.71,0.500008,0.238643,35.8333,24.1667
5.5000,10.11,0.506941,0.056722,35.8333,24.1667
5.5000,10.50,0.546314,0.058938,35.8333,24.1667
5.5000,10.90,0.994435,0.061154,35.8333,24.1667
5.5000,11.30,0.784854,0.063369,35.8333,24.1667
5.5000,11.69,0.851710,0.065584,35.8333,24.1667
5.5000,12.09,0.838349,0.067800,35.8333,24.1667
5.5000,12.48,0.845992,0.070015,35.8333,24.1667
5.5000,12.88,0.847332,0.072230,35.8333,24.1667
5.5000,13.28,0.849682,0.074444,35.8333,24.1667
5.5000,13.67,0.851183,0.076659,35.8333,24.1667
5.5000,14.07,0.852398,0.078873,35.8333,24.1667
5.5000,14.46,0.853234,0.081087,35.8333,24.1667
5.5000,14.86,0.853764,0.083302,35.8333,24.1667
5.5000,15.26,0.854013,0.085515,35.8333,24.1667
5.5000,15.65,0.853991,0.087729,35.8333,24.1667
5.5000,16.05,0.853791,0.089943,35.8333,24.1667
5.5000,16.44,0.853171,0.092156,35.8333,24.1667
5.5000,16.84,0.853124,0.094369,35.8333,24.1667
5.5000,17.23,0.850020,0.096583,35.8333,24.1667
5.5000,17.63,0.857526,0.098795,35.8333,24.1667
5.5000,18.03,0.824937,0.101008,35.8333,24.1667
5.5000,18.42,0.940805,0.103221,35.8333,24.1667
5.5000,18.82,0.621413,0.105433,35.8333,24.1667
5.5000,19.21,0.538395,0.107645,35.8333,24.1667
5.5000,19.61,0.500620,0.109857,35.8333,24.1667
5.5000,20.01,0.554005,0.014806,35.8333,24.1667
5.5000,20.40,0.821442,0.015099,35.8333,24.1667
5.5000,20.80,0.976672,0.015391,35.8333,24.1667
5.5000,21.19,0.999063,0.015684,35.8333,24.1667
5.5000,21.59,0.999411,0.015977,35.8333,24.1667
5.5000,21.99,0.999787,0.016270,35.8333,24.1667
5.5000,22.38,0.999745,0.016563,35.8333,24.1667
5.5000,22.78,0.999775,0.016856,35.8333,24.1667
5.5000,23.17,0.999783,0.017149,35.8333,24.1667
5.5000,23.57,0.999794,0.017442,35.8333,24.1667
5.5000,23.97,0.999802,0.017735,35.8333,24.1667
5.5000,24.36,0.999807,0.018028,35.8333,24.1667
5.5000,24.76,0.999808,0.018321,35.8333,24.1667
5.5000,25.15,0.999806,0.018614,35.8333,24.1667
5.5000,25.55,0.999799,0.018907,35.8333,24.1667
5.5000,25.95,0.999787,0.019200,35.8333,24.1667
5.5000,26.34,0.999767,0.019494,35.8333,24.1667
5.5000,26.74,0.999745,0.019787,35.8333,24.1667
5.5000,27.13,0.999682,0.020080,35.8333,24.1667
5.5000,27.53,0.999733,0.020373,35.8333,24.1667
5.5000,27.93,0.998705,0.020666,35.8333,24.1667
5.5000,28.32,0.995705,0.020959,35.8333,24.1667
5.5000,28.72,0.915025,0.021252,35.8333,24.1667
5.5000,29.11,0.635601,0.021545,35.8333,24.1667
5.5000,29.51,0.511318,0.021838,35.8333,24.1667
5.5000,29.91,0.500215,0.022131,35.8333,24.1667
5.5000,30.30,0.501176,0.171751,35.8333,24.1667
5.5000,30.70,0.547350,0.173985,35.8333,24.1667
5.5000,31.09,0.523855,0.176220,35.8333,24.1667
5.5000,31.49,0.560373,0.178454,35.8333,24.1667
5.5000,31.89,0.530029,0.180687,35.8333,24.1667
5.5000,32.28,0.523173,0.182920,35.8333,24.1667
5.5000,32.68,0.514479,0.185153,35.8333,24.1667
5.5000,33.07,0.508214,0.187385,35.8333,24.1667
5.5000,33.47,0.503518,0.189617,35.8333,24.1667
5.5000,33.87,0.500517,0.191848,35.8333,24.1667
5.5000,34.26,0.497911,0.194079,35.8333,24.1667
5.5000,34.66,0.495585,0.196310,35.8333,24.1667
5.5000,35.05,0.493548,0.198540,35.8333,24.1667
5.5000,35.45,0.491811,0.200769,35.8333,24.1667
5.5000,35.85,0.490386,0.202998,35.8333,24.1667
5.5000,36.24,0.489271,0.205227,35.8333,24.1667
5.5000,36.64,0.488528,0.207455,35.8333,24.1667
5.5000,37.03,0.487962,0.209683,35.8333,24.1667
5.5000,37.43,0.488359,0.211910,35.8333,24.1667
5.5000,37.83,0.486704,0.214136,35.8333,24.1667
5.5000,38.22,0.492589,0.216363,35.8333,24.1667
5.5000,38.62,0.178899,0.218588,35.8333,24.1667
5.5000,39.01,0.499483,0.220813,35.8333,24.1667
5.5000,39.41,0.499938,0.223038,35.8333,24.1667
5.5000,39.81,0.499999,0.225262,35.8333,24.1667
5.5000,40.20,0.499716,0.022978,35.8333,24.1667
5.5000,40.60,0.500620,0.023204,35.8333,24.1667
5.5000,40.99,0.565078,0.023430,35.8333,24.1667
5.5000,41.39,0.854666,0.023656,35.8333,24.1667
5.5000,41.79,0.996469,0.023883,35.8333,24.1667
5.5000,42.18,0.993565,0.024109,35.8333,24.1667
5.5000,42.58,0.996998,0.024335,35.8333,24.1667
5.5000,42.97,0.997001,0.024561,35.8333,24.1667
5.5000,43.37,0.997462,0.024788,35.8333,24.1667
5.5000,43.77,0.997678,0.025014,35.8333,24.1667
5.5000,44.16,0.997864,0.025240,35.8333,24.1667
5.5000,44.56,0.997995,0.025466,35.8333,24.1667
5.5000,44.95,0.998091,0.025693,35.8333,24.1667
5.5000,45.35,0.998158,0.025919,35.8333,24.1667
5.5000,45.74,0.998204,0.026145,35.8333,24.1667
5.5000,46.14,0.998224,0.026371,35.8333,24.1667
5.5000,46.54,0.998244,0.026598,35.8333,24.1667
5.5000,46.93,0.998180,0.026824,35.8333,24.1667
5.5000,47.33,0.998347,0.027050,35.8333,24.1667
5.5000,47.72,0.997443,0.027276,35.8333,24.1667
5.5000,48.12,0.999041,0.027503,35.8333,24.1667
5.5000,48.52,0.970525,0.027729,35.8333,24.1667
5.5000,48.91,0.831327,0.027955,35.8333,24.1667
5.5000,49.31,0.551788,0.028181,35.8333,24.1667
5.5000,49.70,0.501171,0.028408,35.8333,24.1667
5.5000,50.10,0.533277,0.067356,35.8333,24.1667
5.5000,50.50,0.851653,0.067888,35.8333,24.1667
5.5000,50.89,0.872442,0.068419,35.8333,24.1667
5.5000,51.29,0.967556,0.068951,35.8333,24.1667
5.5000,51.68,0.939671,0.069483,35.8333,24.1667
5.5000,52.08,0.942499,0.070015,35.8333,24.1667
5.5000,52.48,0.935381,0.070547,35.8333,24.1667
5.5000,52.87,0.930229,0.071079,35.8333,24.1667
5.5000,53.27,0.923508,0.071611,35.8333,24.1667
5.5000,53.66,0.916053,0.072143,35.8333,24.1667
5.5000,54.06,0.907401,0.072674,35.8333,24.1667
5.5000,54.46,0.897417,0.073206,35.8333,24.1667
5.5000,54.85,0.885808,0.073738,35.8333,24.1667
5.5000,55.25,0.872262,0.074270,35.8333,24.1667
5.5000,55.64,0.856370,0.074802,35.8333,24.1667
5.5000,56.04,0.837726,0.075333,35.8333,24.1667
5.5000,56.44,0.815570,0.075865,35.8333,24.1667
5.5000,56.83,0.790213,0.076397,35.8333,24.1667
5.5000,57.23,0.757647,0.076929,35.8333,24.1667
5.5000,57.62,0.730529,0.077461,35.8333,24.1667
5.5000,58.02,0.663177,0.077992,35.8333,24.1667
5.5000,58.42,0.741245,0.078524,35.8333,24.1667
5.5000,58.81,0.520208,0.079056,35.8333,24.1667
5.5000,59.21,0.503400,0.079587,35.8333,24.1667
5.5000,59.60,0.500243,0.080119,35.8333,24.1667
5.5000,60.00,0.499922,0.080651,35.8333,24.1667
6.0000,1.00,0.499998,0.065729,35.0000,25.0000
6.0000,1.40,0.499965,0.091724,35.0000,25.0000
6.0000,1.79,0.499969,0.117670,35.0000,25.0000
6.0000,2.19,0.499956,0.143511,35.0000,25.0000
6.0000,2.58,0.499967,0.169240,35.0000,25.0000
6.0000,2.98,0.499986,0.194852,35.0000,25.0000
6.0000,3.38,0.499985,0.220342,35.0000,25.0000
6.0000,3.77,0.499981,0.245706,35.0000,25.0000
6.0000,4.17,0.499990,0.270939,35.0000,25.0000
6.0000,4.56,0.980293,0.296037,35.0000,25.0000
6.0000,4.96,0.500000,0.320993,35.0000,25.0000
6.0000,5.36,0.500092,0.130495,35.0000,25.0000
6.0000,5.75,0.500206,0.140061,35.0000,25.0000
6.0000,6.15,0.501210,0.149617,35.0000,25.0000
6.0000,6.54,0.500846,0.159162,35.0000,25.0000
6.0000,6.94,0.500952,0.168697,35.0000,25.0000
6.0000,7.34,0.500790,0.178220,35.0000,25.0000
6.0000,7.73,0.500558,0.187733,35.0000,25.0000
6.0000,8.13,0.500484,0.197234,35.0000,25.0000
6.0000,8.52,0.500875,0.206723,35.0000,25.0000
6.0000,8.92,0.500279,0.216200,35.0000,25.0000
6.0000,9.32,0.500528,0.225664,35.0000,25.0000
6.0000,9.71,0.500004,0.235116,35.0000,25.0000
6.0000,10.11,0.503863,0.063092,35.0000,25.0000
6.0000,10.50,0.521451,0.065557,35.0000,25.0000
6.0000,10.90,0.889710,0.068022,35.0000,25.0000
6.0000,11.30,0.644514,0.070486,35.0000,25.0000
6.0000,11.69,0.693269,0.072950,35.0000,25.0000
6.0000,12.09,0.683552,0.075414,35.0000,25.0000
6.0000,12.48,0.689677,0.077877,35.0000,25.0000
6.0000,12.88,0.690435,0.080341,35.0000,25.0000
6.0000,13.28,0.691577,0.082804,35.0000,25.0000
6.0000,13.67,0.691649,0.085267,35.0000,25.0000
6.0000,14.07,0.691127,0.087730,35.0000,25.0000
6.0000,14.46,0.689954,0.090193,35.0000,25.0000
6.0000,14.86,0.688206,0.092655,35.0000,25.0000
6.0000,15.26,0.685918,0.095118,35.0000,25.0000
6.0000,15.65,0.683111,0.097580,35.0000,25.0000
6.0000,16.05,0.679881,0.100041,35.0000,25.0000
6.0000,16.44,0.676012,0.102503,35.0000,25.0000
6.0000,16.84,0.672438,0.104964,35.0000,25.0000
6.0000,17.23,0.665851,0.107425,35.0000,25.0000
6.0000,17.63,0.668675,0.109886,35.0000,25.0000
6.0000,18.03,0.637277,0.112346,35.0000,25.0000
6.0000,18.42,0.764859,0.114807,35.0000,25.0000
6.0000,18.82,0.533127,0.117266,35.0000,25.0000
6.0000,19.21,0.510479,0.119726,35.0000,25.0000
6.0000,19.61,0.500143,0.122185,35.0000,25.0000
6.0000,20.01,0.515679,0.015538,35.0000,25.0000
6.0000,20.40,0.629301,0.015846,35.0000,25.0000
6.0000,20.80,0.959148,0.016153,35.0000,25.0000
6.0000,21.19,0.965777,0.016461,35.0000,25.0000
6.0000,21.59,0.991307,0.016768,35.0000,25.0000
6.0000,21.99,0.982854,0.017075,35.0000,25.0000
6.0000,22.38,0.981451,0.017383,35.0000,25.0000
6.0000,22.78,0.975002,0.017690,35.0000,25.0000
6.0000,23.17,0.964077,0.017998,35.0000,25.0000
6.0000,23.57,0.933971,0.018306,35.0000,25.0000
6.0000,23.97,0.595891,0.018613,35.0000,25.0000
6.0000,24.36,0.917691,0.018921,35.0000,25.0000
6.0000,24.76,0.959418,0.019228,35.0000,25.0000
6.0000,25.15,0.972929,0.019536,35.0000,25.0000
6.0000,25.55,0.979574,0.019843,35.0000,25.0000
6.0000,25.95,0.983555,0.020151,35.0000,25.0000
6.0000,26.34,0.986067,0.020458,35.0000,25.0000
6.0000,26.74,0.988210,0.020766,35.0000,25.0000
6.0000,27.13,0.988599,0.021073,35.0000,25.0000
6.0000,27.53,0.992687,0.021381,35.0000,25.0000
6.0000,27.93,0.981055,0.021688,35.0000,25.0000
6.0000,28.32,0.994604,0.021996,35.0000,25.0000
6.0000,28.72,0.587562,0.022304,35.0000,25.0000
6.0000,29.11,0.419007,0.022611,35.0000,25.0000
6.0000,29.51,0.494997,0.022919,35.0000,25.0000
6.0000,29.91,0.499886,0.023226,35.0000,25.0000
6.0000,30.30,0.499723,0.360558,35.0000,25.0000
6.0000,30.70,0.481797,0.365171,35.0000,25.0000
6.0000,31.09,0.489062,0.369779,35.0000,25.0000
6.0000,31.49,0.456040,0.374384,35.0000,25.0000
6.0000,31.89,0.470609,0.378984,35.0000,25.0000
6.0000,32.28,0.465486,0.383580,35.0000,25.0000
6.0000,32.68,0.465069,0.388173,35.0000,25.0000
6.0000,33.07,0.463419,0.392761,35.0000,25.0000
6.0000,33.47,0.462262,0.397345,35.0000,25.0000
6.0000,33.87,0.461125,0.401924,35.0000,25.0000
6.0000,34.26,0.460146,0.406500,35.0000,25.0000
6.0000,34.66,0.459292,0.411071,35.0000,25.0000
6.0000,35.05,0.458580,0.415637,35.0000,25.0000
6.0000,35.45,0.458008,0.420200,35.0000,25.0000
6.0000,35.85,0.457599,0.424757,35.0000,25.0000
6.0000,36.24,0.457302,0.429311,35.0000,25.0000
6.0000,36.64,0.457333,0.433859,35.0000,25.0000
6.0000,37.03,0.456914,0.438403,35.0000,25.0000
6.0000,37.43,0.458947,0.442943,35.0000,25.0000
6.0000,37.83,0.452111,0.447477,35.0000,25.0000
6.0000,38.22,0.472857,0.452007,35.0000,25.0000
6.0000,38.62,0.781231,0.456532,35.0000,25.0000
6.0000,39.01,0.497780,0.461053,35.0000,25.0000
6.0000,39.41,0.499679,0.465568,35.0000,25.0000
6.0000,39.81,0.499995,0.470078,35.0000,25.0000
6.0000,40.20,0.495744,0.029044,35.0000,25.0000
6.0000,40.60,0.440885,0.029329,35.0000,25.0000
6.0000,40.99,0.695487,0.029615,35.0000,25.0000
6.0000,41.39,0.960011,0.029901,35.0000,25.0000
6.0000,41.79,0.999630,0.030187,35.0000,25.0000
6.0000,42.18,0.997601,0.030473,35.0000,25.0000
6.0000,42.58,0.998876,0.030759,35.0000,25.0000
6.0000,42.97,0.998676,0.031045,35.0000,25.0000
6.0000,43.37,0.998813,0.031331,35.0000,25.0000
6.0000,43.77,0.998848,0.031617,35.0000,25.0000
6.0000,44.16,0.998901,0.031903,35.0000,25.0000
6.0000,44.56,0.998939,0.032189,35.0000,25.0000
6.0000,44.95,0.998972,0.032475,35.0000,25.0000
6.0000,45.35,0.998997,0.032761,35.0000,25.0000
6.0000,45.74,0.999014,0.033047,35.0000,25.0000
6.0000,46.14,0.999021,0.033333,35.0000,25.0000
6.0000,46.54,0.999023,0.033619,35.0000,25.0000
6.0000,46.93,0.999001,0.033905,35.0000,25.0000
6.0000,47.33,0.999020,0.034191,35.0000,25.0000
6.0000,47.72,0.998829,0.034477,35.0000,25.0000
6.0000,48.12,0.999094,0.034763,35.0000,25.0000
6.0000,48.52,0.993876,0.035049,35.0000,25.0000
6.0000,48.91,0.949844,0.035335,35.0000,25.0000
6.0000,49.31,0.149519,0.035621,35.0000,25.0000
6.0000,49.70,0.494318,0.035907,35.0000,25.0000
6.0000,50.10,0.202876,0.057710,35.0000,25.0000
6.0000,50.50,0.949634,0.058166,35.0000,25.0000
6.0000,50.89,0.968391,0.058622,35.0000,25.0000
6.0000,51.29,0.993692,0.059078,35.0000,25.0000
6.0000,51.68,0.987579,0.059534,35.0000,25.0000
6.0000,52.08,0.988178,0.059989,35.0000,25.0000
6.0000,52.48,0.986321,0.060445,35.0000,25.0000
6.0000,52.87,0.984851,0.060901,35.0000,25.0000
6.0000,53.27,0.982846,0.061357,35.0000,25.0000
6.0000,53.66,0.980473,0.061813,35.0000,25.0000
6.0000,54.06,0.977531,0.062268,35.0000,25.0000
6.0000,54.46,0.973876,0.062724,35.0000,25.0000
6.0000,54.85,0.969263,0.063180,35.0000,25.0000
6.0000,55.25,0.963357,0.063636,35.0000,25.0000
6.0000,55.64,0.955663,0.064092,35.0000,25.0000
6.0000,56.04,0.945410,0.064547,35.0000,25.0000
6.0000,56.44,0.931537,0.065003,35.0000,25.0000
6.0000,56.83,0.911613,0.065459,35.0000,25.0000
6.0000,57.23,0.884990,0.065915,35.0000,25.0000
6.0000,57.62,0.832689,0.066370,35.0000,25.0000
6.0000,58.02,0.809901,0.066826,35.0000,25.0000
6.0000,58.42,0.370148,0.067282,35.0000,25.0000
6.0000,58.81,0.681783,0.067738,35.0000,25.0000
6.0000,59.21,0.493758,0.068193,35.0000,25.0000
6.0000,59.60,0.497667,0.068649,35.0000,25.0000
6.0000,60.00,0.498810,0.069105,35.0000,25.0000
6.5000,1.00,0.499985,0.051612,34.1667,25.8333
6.5000,1.40,0.499937,0.072034,34.1667,25.8333
6.5000,1.79,0.499947,0.092430,34.1667,25.8333
6.5000,2.19,0.499922,0.112769,34.1667,25.8333
6.5000,2.58,0.499920,0.133047,34.1667,25.8333
6.5000,2.98,0.499927,0.153262,34.1667,25.8333
6.5000,3.38,0.499952,0.173412,34.1667,25.8333
6.5000,3.77,0.499977,0.193495,34.1667,25.8333
6.5000,4.17,0.499985,0.213508,34.1667,25.8333
6.5000,4.56,0.499750,0.233450,34.1667,25.8333
6.5000,4.96,0.499999,0.253318,34.1667,25.8333
6.5000,5.36,0.495439,0.142207,34.1667,25.8333
6.5000,5.75,0.499933,0.152632,34.1667,25.8333
6.5000,6.15,0.499949,0.163045,34.1667,25.8333
6.5000,6.54,0.500001,0.173446,34.1667,25.8333
6.5000,6.94,0.500019,0.183835,34.1667,25.8333
6.5000,7.34,0.500022,0.194210,34.1667,25.8333
6.5000,7.73,0.500033,0.204572,34.1667,25.8333
6.5000,8.13,0.500040,0.214921,34.1667,25.8333
6.5000,8.52,0.500076,0.225255,34.1667,25.8333
6.5000,8.92,0.500028,0.235575,34.1667,25.8333
6.5000,9.32,0.500067,0.245879,34.1667,25.8333
6.5000,9.71,0.500001,0.256168,34.1667,25.8333
6.5000,10.11,0.500548,0.055305,34.1667,25.8333
6.5000,10.50,0.502295,0.057467,34.1667,25.8333
6.5000,10.90,0.552260,0.059629,34.1667,25.8333
6.5000,11.30,0.508438,0.061790,34.1667,25.8333
6.5000,11.69,0.504112,0.063952,34.1667,25.8333
6.5000,12.09,0.494607,0.066114,34.1667,25.8333
6.5000,12.48,0.482464,0.068275,34.1667,25.8333
6.5000,12.88,0.467789,0.070437,34.1667,25.8333
6.5000,13.28,0.449735,0.072598,34.1667,25.8333
6.5000,13.67,0.428175,0.074759,34.1667,25.8333
6.5000,14.07,0.402428,0.076920,34.1667,25.8333
6.5000,14.46,0.371827,0.079081,34.1667,25.8333
6.5000,14.86,0.335408,0.081242,34.1667,25.8333
6.5000,15.26,0.291914,0.083403,34.1667,25.8333
6.5000,15.65,0.239674,0.085564,34.1667,25.8333
6.5000,16.05,0.176203,0.087724,34.1667,25.8333
6.5000,16.44,0.098932,0.089884,34.1667,25.8333
6.5000,16.84,0.000690,0.092045,34.1667,25.8333
6.5000,17.23,0.090679,0.094205,34.1667,25.8333
6.5000,17.63,0.205630,0.096365,34.1667,25.8333
6.5000,18.03,0.163407,0.098524,34.1667,25.8333
6.5000,18.42,0.569649,0.100684,34.1667,25.8333
6.5000,18.82,0.337052,0.102844,34.1667,25.8333
6.5000,19.21,0.352120,0.105003,34.1667,25.8333
6.5000,19.61,0.498792,0.107162,34.1667,25.8333
6.5000,20.01,0.232626,0.016288,34.1667,25.8333
6.5000,20.40,0.608963,0.016610,34.1667,25.8333
6.5000,20.80,0.977779,0.016933,34.1667,25.8333
6.5000,21.19,0.932203,0.017255,34.1667,25.8333
6.5000,21.59,0.950685,0.017577,34.1667,25.8333
6.5000,21.99,0.950249,0.017900,34.1667,25.8333
6.5000,22.38,0.953975,0.018222,34.1667,25.8333
6.5000,22.78,0.956304,0.018545,34.1667,25.8333
6.5000,23.17,0.958679,0.018867,34.1667,25.8333
6.5000,23.57,0.960773,0.019189,34.1667,25.8333
6.5000,23.97,0.962699,0.019512,34.1667,25.8333
6.5000,24.36,0.964456,0.019834,34.1667,25.8333
6.5000,24.76,0.966067,0.020157,34.1667,25.8333
6.5000,25.15,0.967552,0.020479,34.1667,25.8333
6.5000,25.55,0.968903,0.020801,34.1667,25.8333
6.5000,25.95,0.970213,0.021124,34.1667,25.8333
6.5000,26.34,0.971205,0.021446,34.1667,25.8333
6.5000,26.74,0.972910,0.021769,34.1667,25.8333
6.5000,27.13,0.971676,0.022091,34.1667,25.8333
6.5000,27.53,0.980174,0.022414,34.1667,25.8333
6.5000,27.93,0.948248,0.022736,34.1667,25.8333
6.5000,28.32,0.989307,0.023059,34.1667,25.8333
6.5000,28.72,0.128706,0.023381,34.1667,25.8333
6.5000,29.11,0.475034,0.023704,34.1667,25.8333
6.5000,29.51,0.498394,0.024026,34.1667,25.8333
6.5000,29.91,0.499964,0.024349,34.1667,25.8333
6.5000,30.30,0.499907,1.730907,34.1667,25.8333
6.5000,30.70,0.497676,1.739434,34.1667,25.8333
6.5000,31.09,0.492431,1.747710,34.1667,25.8333
6.5000,31.49,0.331987,1.755741,34.1667,25.8333
6.5000,31.89,0.454629,1.763532,34.1667,25.8333
6.5000,32.28,0.434027,1.771091,34.1667,25.8333
6.5000,32.68,0.434211,1.778422,34.1667,25.8333
6.5000,33.07,0.426998,1.785532,34.1667,25.8333
6.5000,33.47,0.421472,1.792427,34.1667,25.8333
6.5000,33.87,0.414918,1.799111,34.1667,25.8333
6.5000,34.26,0.408110,1.805592,34.1667,25.8333
6.5000,34.66,0.400760,1.811875,34.1667,25.8333
6.5000,35.05,0.392901,1.817964,34.1667,25.8333
6.5000,35.45,0.384429,1.823865,34.1667,25.8333
6.5000,35.85,0.375418,1.829584,34.1667,25.8333
6.5000,36.24,0.365268,1.835125,34.1667,25.8333
6.5000,36.64,0.356155,1.840494,34.1667,25.8333
6.5000,37.03,0.338318,1.845695,34.1667,25.8333
6.5000,37.43,0.350708,1.850734,34.1667,25.8333
6.5000,37.83,0.162793,1.855614,34.1667,25.8333
6.5000,38.22,0.447279,1.860340,34.1667,25.8333
6.5000,38.62,0.449593,1.864917,34.1667,25.8333
6.5000,39.01,0.498892,1.869350,34.1667,25.8333
6.5000,39.41,0.499905,1.873642,34.1667,25.8333
6.5000,39.81,0.499998,1.877797,34.1667,25.8333
6.5000,40.20,0.498526,0.024850,34.1667,25.8333
6.5000,40.60,0.480603,0.025095,34.1667,25.8333
6.5000,40.99,0.113409,0.025340,34.1667,25.8333
6.5000,41.39,0.898192,0.025584,34.1667,25.8333
6.5000,41.79,0.998585,0.025829,34.1667,25.8333
6.5000,42.18,0.996500,0.026074,34.1667,25.8333
6.5000,42.58,0.999068,0.026319,34.1667,25.8333
6.5000,42.97,0.998917,0.026563,34.1667,25.8333
6.5000,43.37,0.999240,0.026808,34.1667,25.8333
6.5000,43.77,0.999388,0.027053,34.1667,25.8333
6.5000,44.16,0.999516,0.027297,34.1667,25.8333
6.5000,44.56,0.999588,0.027542,34.1667,25.8333
6.5000,44.95,0.999609,0.027787,34.1667,25.8333
6.5000,45.35,0.999574,0.028031,34.1667,25.8333
6.5000,45.74,0.999482,0.028276,34.1667,25.8333
6.5000,46.14,0.999330,0.028521,34.1667,25.8333
6.5000,46.54,0.999104,0.028765,34.1667,25.8333
6.5000,46.93,0.998847,0.029010,34.1667,25.8333
6.5000,47.33,0.998320,0.029255,34.1667,25.8333
6.5000,47.72,0.998537,0.029499,34.1667,25.8333
6.5000,48.12,0.993763,0.029744,34.1667,25.8333
6.5000,48.52,0.993832,0.029989,34.1667,25.8333
6.5000,48.91,0.714785,0.030234,34.1667,25.8333
6.5000,49.31,0.408553,0.030478,34.1667,25.8333
6.5000,49.70,0.498611,0.030723,34.1667,25.8333
6.5000,50.10,0.483204,0.152431,34.1667,25.8333
6.5000,50.50,0.058976,0.153631,34.1667,25.8333
6.5000,50.89,0.823397,0.154831,34.1667,25.8333
6.5000,51.29,0.998072,0.156031,34.1667,25.8333
6.5000,51.68,0.980034,0.157230,34.1667,25.8333
6.5000,52.08,0.987526,0.158430,34.1667,25.8333
6.5000,52.48,0.985187,0.159629,34.1667,25.8333
6.5000,52.87,0.985315,0.160828,34.1667,25.8333
6.5000,53.27,0.984508,0.162027,34.1667,25.8333
6.5000,53.66,0.983723,0.163227,34.1667,25.8333
6.5000,54.06,0.982617,0.164425,34.1667,25.8333
6.5000,54.46,0.981205,0.165624,34.1667,25.8333
6.5000,54.85,0.979364,0.166823,34.1667,25.8333
6.5000,55.25,0.976949,0.168022,34.1667,25.8333
6.5000,55.64,0.973783,0.169220,34.1667,25.8333
6.5000,56.04,0.969383,0.170419,34.1667,25.8333
6.5000,56.44,0.963969,0.171617,34.1667,25.8333
6.5000,56.83,0.953291,0.172815,34.1667,25.8333
6.5000,57.23,0.951809,0.174013,34.1667,25.8333
6.5000,57.62,0.866754,0.175211,34.1667,25.8333
6.5000,58.02,0.942073,0.176409,34.1667,25.8333
6.5000,58.42,0.455883,0.177606,34.1667,25.8333
6.5000,58.81,0.497500,0.178804,34.1667,25.8333
6.5000,59.21,0.499920,0.180001,34.1667,25.8333
6.5000,59.60,0.499984,0.181198,34.1667,25.8333
6.5000,60.00,0.499995,0.182395,34.1667,25.8333
7.0000,1.00,0.499998,0.097075,33.3333,26.6667
7.0000,1.40,0.499996,0.135413,33.3333,26.6667
7.0000,1.79,0.499998,0.173623,33.3333,26.6667
7.0000,2.19,0.499999,0.211608,33.3333,26.6667
7.0000,2.58,0.499999,0.249343,33.3333,26.6667
7.0000,2.98,0.500001,0.286808,33.3333,26.6667
7.0000,3.38,0.500003,0.323982,33.3333,26.6667
7.0000,3.77,0.500008,0.360848,33.3333,26.6667
7.0000,4.17,0.500007,0.397387,33.3333,26.6667
7.0000,4.56,0.502615,0.433580,33.3333,26.6667
7.0000,4.96,0.500001,0.469410,33.3333,26.6667
7.0000,5.36,0.500368,0.156773,33.3333,26.6667
7.0000,5.75,0.500439,0.168253,33.3333,26.6667
7.0000,6.15,0.501844,0.179718,33.3333,26.6667
7.0000,6.54,0.500586,0.191168,33.3333,26.6667
7.0000,6.94,0.500782,0.202601,33.3333,26.6667
7.0000,7.34,0.500843,0.214018,33.3333,26.6667
7.0000,7.73,0.500981,0.225418,33.3333,26.6667
7.0000,8.13,0.500970,0.236800,33.3333,26.6667
7.0000,8.52,0.501655,0.248164,33.3333,26.6667
7.0000,8.92,0.500489,0.259508,33.3333,26.6667
7.0000,9.32,0.500837,0.270834,33.3333,26.6667
7.0000,9.71,0.500007,0.282139,33.3333,26.6667
7.0000,10.11,0.506067,0.048182,33.3333,26.6667
7.0000,10.50,0.532993,0.050066,33.3333,26.6667
7.0000,10.90,0.935084,0.051950,33.3333,26.6667
7.0000,11.30,0.693256,0.053834,33.3333,26.6667
7.0000,11.69,0.745283,0.055718,33.3333,26.6667
7.0000,12.09,0.730397,0.057602,33.3333,26.6667
7.0000,12.48,0.733081,0.059486,33.3333,26.6667
7.0000,12.88,0.729601,0.061370,33.3333,26.6667
7.0000,13.28,0.726204,0.063254,33.3333,26.6667
7.0000,13.67,0.721156,0.065138,33.3333,26.6667
7.0000,14.07,0.714826,0.067022,33.3333,26.6667
7.0000,14.46,0.706979,0.068905,33.3333,26.6667
7.0000,14.86,0.697490,0.070789,33.3333,26.6667
7.0000,15.26,0.686149,0.072673,33.3333,26.6667
7.0000,15.65,0.672685,0.074556,33.3333,26.6667
7.0000,16.05,0.656786,0.076440,33.3333,26.6667
7.0000,16.44,0.637884,0.078323,33.3333,26.6667
7.0000,16.84,0.615800,0.080206,33.3333,26.6667
7.0000,17.23,0.588434,0.082090,33.3333,26.6667
7.0000,17.63,0.558537,0.083973,33.3333,26.6667
7.0000,18.03,0.516495,0.085856,33.3333,26.6667
7.0000,18.42,0.452340,0.087739,33.3333,26.6667
7.0000,18.82,0.473839,0.089622,33.3333,26.6667
7.0000,19.21,0.456848,0.091505,33.3333,26.6667
7.0000,19.61,0.499476,0.093388,33.3333,26.6667
7.0000,20.01,0.401494,0.017785,33.3333,26.6667
7.0000,20.40,0.180075,0.018137,33.3333,26.6667
7.0000,20.80,0.947183,0.018489,33.3333,26.6667
7.0000,21.19,0.871321,0.018841,33.3333,26.6667
7.0000,21.59,0.910859,0.019193,33.3333,26.6667
7.0000,21.99,0.916024,0.019545,33.3333,26.6667
7.0000,22.38,0.926085,0.019897,33.3333,26.6667
7.0000,22.78,0.932884,0.020249,33.3333,26.6667
7.0000,23.17,0.938875,0.020601,33.3333,26.6667
7.0000,23.57,0.943836,0.020953,33.3333,26.6667
7.0000,23.97,0.948082,0.021306,33.3333,26.6667
7.0000,24.36,0.951732,0.021658,33.3333,26.6667
7.0000,24.76,0.954899,0.022010,33.3333,26.6667
7.0000,25.15,0.957678,0.022362,33.3333,26.6667
7.0000,25.55,0.960104,0.022714,33.3333,26.6667
7.0000,25.95,0.962338,0.023066,33.3333,26.6667
7.0000,26.34,0.964048,0.023418,33.3333,26.6667
7.0000,26.74,0.966577,0.023770,33.3333,26.6667
7.0000,27.13,0.965320,0.024122,33.3333,26.6667
7.0000,27.53,0.976143,0.024474,33.3333,26.6667
7.0000,27.93,0.936940,0.024826,33.3333,26.6667
7.0000,28.32,0.986346,0.025179,33.3333,26.6667
7.0000,28.72,0.231116,0.025531,33.3333,26.6667
7.0000,29.11,0.479575,0.025883,33.3333,26.6667
7.0000,29.51,0.498662,0.026235,33.3333,26.6667
7.0000,29.91,0.499970,0.026587,33.3333,26.6667
7.0000,30.30,0.499920,1.710462,33.3333,26.6667
7.0000,30.70,0.497957,1.719254,33.3333,26.6667
7.0000,31.09,0.493616,1.727799,33.3333,26.6667
7.0000,31.49,0.378255,1.736102,33.3333,26.6667
7.0000,31.89,0.463362,1.744169,33.3333,26.6667
7.0000,32.28,0.447627,1.752006,33.3333,26.6667
7.0000,32.68,0.447609,1.759618,33.3333,26.6667
7.0000,33.07,0.442120,1.767010,33.3333,26.6667
7.0000,33.47,0.437943,1.774189,33.3333,26.6667
7.0000,33.87,0.433075,1.781159,33.3333,26.6667
7.0000,34.26,0.428103,1.787927,33.3333,26.6667
7.0000,34.66,0.422833,1.794496,33.3333,26.6667
7.0000,35.05,0.417312,1.800872,33.3333,26.6667
7.0000,35.45,0.411489,1.807060,33.3333,26.6667
7.0000,35.85,0.405446,1.813066,33.3333,26.6667
7.0000,36.24,0.398810,1.818893,33.3333,26.6667
7.0000,36.64,0.393079,1.824547,33.3333,26.6667
7.0000,37.03,0.381927,1.830033,33.3333,26.6667
7.0000,37.43,0.390491,1.835354,33.3333,26.6667
7.0000,37.83,0.284151,1.840515,33.3333,26.6667
7.0000,38.22,0.458250,1.845521,33.3333,26.6667
7.0000,38.62,0.452265,1.850376,33.3333,26.6667
7.0000,39.01,0.499049,1.855084,33.3333,26.6667
7.0000,39.41,0.499917,1.859649,33.3333,26.6667
7.0000,39.81,0.499998,1.864076,33.3333,26.6667
7.0000,40.20,0.498779,0.030446,33.3333,26.6667
7.0000,40.60,0.484297,0.030746,33.3333,26.6667
7.0000,40.99,0.053086,0.031045,33.3333,26.6667
7.0000,41.39,0.862787,0.031345,33.3333,26.6667
7.0000,41.79,0.999374,0.031645,33.3333,26.6667
7.0000,42.18,0.993145,0.031945,33.3333,26.6667
7.0000,42.58,0.997504,0.032244,33.3333,26.6667
7.0000,42.97,0.997048,0.032544,33.3333,26.6667
7.0000,43.37,0.997642,0.032844,33.3333,26.6667
7.0000,43.77,0.997916,0.033144,33.3333,26.6667
7.0000,44.16,0.998232,0.033443,33.3333,26.6667
7.0000,44.56,0.998499,0.033743,33.3333,26.6667
7.0000,44.95,0.998739,0.034043,33.3333,26.6667
7.0000,45.35,0.998947,0.034343,33.3333,26.6667
7.0000,45.74,0.999125,0.034642,33.3333,26.6667
7.0000,46.14,0.999263,0.034942,33.3333,26.6667
7.0000,46.54,0.999389,0.035242,33.3333,26.6667
7.0000,46.93,0.999415,0.035542,33.3333,26.6667
7.0000,47.33,0.999547,0.035841,33.3333,26.6667
7.0000,47.72,0.998818,0.036141,33.3333,26.6667
7.0000,48.12,0.991433,0.036441,33.3333,26.6667
7.0000,48.52,0.881268,0.036741,33.3333,26.6667
7.0000,48.91,0.320177,0.037040,33.3333,26.6667
7.0000,49.31,0.491065,0.037340,33.3333,26.6667
7.0000,49.70,0.499835,0.037640,33.3333,26.6667
7.0000,50.10,0.499601,0.309494,33.3333,26.6667
7.0000,50.50,0.490116,0.311900,33.3333,26.6667
7.0000,50.89,0.478173,0.314305,33.3333,26.6667
7.0000,51.29,0.189649,0.316710,33.3333,26.6667
7.0000,51.68,0.418783,0.319113,33.3333,26.6667
7.0000,52.08,0.407182,0.321515,33.3333,26.6667
7.0000,52.48,0.423032,0.323917,33.3333,26.6667
7.0000,52.87,0.430748,0.326317,33.3333,26.6667
7.0000,53.27,0.439458,0.328717,33.3333,26.6667
7.0000,53.66,0.447099,0.331115,33.3333,26.6667
7.0000,54.06,0.454190,0.333513,33.3333,26.6667
7.0000,54.46,0.460644,0.335910,33.3333,26.6667
7.0000,54.85,0.466512,0.338306,33.3333,26.6667
7.0000,55.25,0.471815,0.340701,33.3333,26.6667
7.0000,55.64,0.476576,0.343094,33.3333,26.6667
7.0000,56.04,0.480830,0.345487,33.3333,26.6667
7.0000,56.44,0.484573,0.347879,33.3333,26.6667
7.0000,56.83,0.487908,0.350270,33.3333,26.6667
7.0000,57.23,0.490623,0.352659,33.3333,26.6667
7.0000,57.62,0.493394,0.355048,33.3333,26.6667
7.0000,58.02,0.494386,0.357436,33.3333,26.6667
7.0000,58.42,0.497993,0.359822,33.3333,26.6667
7.0000,58.81,0.903573,0.362208,33.3333,26.6667
7.0000,59.21,0.499954,0.364592,33.3333,26.6667
7.0000,59.60,0.499978,0.366976,33.3333,26.6667
7.0000,60.00,0.499993,0.369358,33.3333,26.6667
7.5000,1.00,0.499992,0.040777,32.5000,27.5000
7.5000,1.40,0.499925,0.056917,32.5000,27.5000
7.5000,1.79,0.499927,0.073043,32.5000,27.5000
7.5000,2.19,0.499874,0.089138,32.5000,27.5000
7.5000,2.58,0.499853,0.105202,32.5000,27.5000
7.5000,2.98,0.499843,0.121232,32.5000,27.5000
7.5000,3.38,0.499858,0.137228,32.5000,27.5000
7.5000,3.77,0.499884,0.153189,32.5000,27.5000
7.5000,4.17,0.499937,0.169113,32.5000,27.5000
7.5000,4.56,0.499956,0.185001,32.5000,27.5000
7.5000,4.96,0.499954,0.200850,32.5000,27.5000
7.5000,5.36,0.500007,0.187599,32.5000,27.5000
7.5000,5.75,0.500023,0.201323,32.5000,27.5000
7.5000,6.15,0.500056,0.215025,32.5000,27.5000
7.5000,6.54,0.500088,0.228703,32.5000,27.5000
7.5000,6.94,0.500132,0.242356,32.5000,27.5000
7.5000,7.34,0.500181,0.255984,32.5000,27.5000
7.5000,7.73,0.500250,0.269585,32.5000,27.5000
7.5000,8.13,0.500285,0.283159,32.5000,27.5000
7.5000,8.52,0.500598,0.296703,32.5000,27.5000
7.5000,8.92,0.500170,0.310218,32.5000,27.5000
7.5000,9.32,0.500231,0.323701,32.5000,27.5000
7.5000,9.71,0.500002,0.337153,32.5000,27.5000
7.5000,10.11,0.502309,0.041353,32.5000,27.5000
7.5000,10.50,0.521502,0.042971,32.5000,27.5000
7.5000,10.90,0.974813,0.044590,32.5000,27.5000
7.5000,11.30,0.753412,0.046208,32.5000,27.5000
7.5000,11.69,0.855294,0.047826,32.5000,27.5000
7.5000,12.09,0.836688,0.049444,32.5000,27.5000
7.5000,12.48,0.849898,0.051062,32.5000,27.5000
7.5000,12.88,0.853536,0.052680,32.5000,27.5000
7.5000,13.28,0.858594,0.054298,32.5000,27.5000
7.5000,13.67,0.862343,0.055917,32.5000,27.5000
7.5000,14.07,0.865629,0.057535,32.5000,27.5000
7.5000,14.46,0.868332,0.059153,32.5000,27.5000
7.5000,14.86,0.870564,0.060771,32.5000,27.5000
7.5000,15.26,0.872363,0.062389,32.5000,27.5000
7.5000,15.65,0.873763,0.064007,32.5000,27.5000
7.5000,16.05,0.874832,0.065626,32.5000,27.5000
7.5000,16.44,0.875459,0.067244,32.5000,27.5000
7.5000,16.84,0.876173,0.068862,32.5000,27.5000
7.5000,17.23,0.875092,0.070480,32.5000,27.5000
7.5000,17.63,0.879301,0.072098,32.5000,27.5000
7.5000,18.03,0.862424,0.073716,32.5000,27.5000
7.5000,18.42,0.922168,0.075334,32.5000,27.5000
7.5000,18.82,0.717266,0.076952,32.5000,27.5000
7.5000,19.21,0.651920,0.078570,32.5000,27.5000
7.5000,19.61,0.502490,0.080188,32.5000,27.5000
7.5000,20.01,0.651216,0.021734,32.5000,27.5000
7.5000,20.40,0.849902,0.022165,32.5000,27.5000
7.5000,20.80,0.996846,0.022595,32.5000,27.5000
7.5000,21.19,0.973701,0.023025,32.5000,27.5000
7.5000,21.59,0.981259,0.023455,32.5000,27.5000
7.5000,21.99,0.978287,0.023886,32.5000,27.5000
7.5000,22.38,0.977891,0.024316,32.5000,27.5000
7.5000,22.78,0.976547,0.024746,32.5000,27.5000
7.5000,23.17,0.975197,0.025177,32.5000,27.5000
7.5000,23.57,0.973526,0.025607,32.5000,27.5000
7.5000,23.97,0.971548,0.026037,32.5000,27.5000
7.5000,24.36,0.969160,0.026467,32.5000,27.5000
7.5000,24.76,0.966251,0.026898,32.5000,27.5000
7.5000,25.15,0.962654,0.027328,32.5000,27.5000
7.5000,25.55,0.958100,0.027758,32.5000,27.5000
7.5000,25.95,0.952268,0.028189,32.5000,27.5000
7.5000,26.34,0.944195,0.028619,32.5000,27.5000
7.5000,26.74,0.934016,0.029049,32.5000,27.5000
7.5000,27.13,0.913706,0.029480,32.5000,27.5000
7.5000,27.53,0.903440,0.029910,32.5000,27.5000
7.5000,27.93,0.773289,0.030340,32.5000,27.5000
7.5000,28.32,0.973737,0.030771,32.5000,27.5000
7.5000,28.72,0.482449,0.031201,32.5000,27.5000
7.5000,29.11,0.494124,0.031631,32.5000,27.5000
7.5000,29.51,0.499417,0.032062,32.5000,27.5000
7.5000,29.91,0.499982,0.032492,32.5000,27.5000
7.5000,30.30,0.499947,0.529454,32.5000,27.5000
7.5000,30.70,0.495954,0.536025,32.5000,27.5000
7.5000,31.09,0.497502,0.542584,32.5000,27.5000
7.5000,31.49,0.490042,0.549131,32.5000,27.5000
7.5000,31.89,0.492777,0.555665,32.5000,27.5000
7.5000,32.28,0.491268,0.562186,32.5000,27.5000
7.5000,32.68,0.490898,0.568694,32.5000,27.5000
7.5000,33.07,0.490279,0.575189,32.5000,27.5000
7.5000,33.47,0.489825,0.581671,32.5000,27.5000
7.5000,33.87,0.489421,0.588139,32.5000,27.5000
7.5000,34.26,0.489102,0.594594,32.5000,27.5000
7.5000,34.66,0.488862,0.601036,32.5000,27.5000
7.5000,35.05,0.488704,0.607463,32.5000,27.5000
7.5000,35.45,0.488630,0.613878,32.5000,27.5000
7.5000,35.85,0.488647,0.620278,32.5000,27.5000
7.5000,36.24,0.488743,0.626664,32.5000,27.5000
7.5000,36.64,0.488972,0.633036,32.5000,27.5000
7.5000,37.03,0.489154,0.639394,32.5000,27.5000
7.5000,37.43,0.489951,0.645737,32.5000,27.5000
7.5000,37.83,0.488893,0.652066,32.5000,27.5000
7.5000,38.22,0.493738,0.658380,32.5000,27.5000
7.5000,38.62,0.167692,0.664680,32.5000,27.5000
7.5000,39.01,0.499521,0.670965,32.5000,27.5000
7.5000,39.41,0.499936,0.677235,32.5000,27.5000
7.5000,39.81,0.499999,0.683490,32.5000,27.5000
7.5000,40.20,0.499433,0.041872,32.5000,27.5000
7.5000,40.60,0.494793,0.042284,32.5000,27.5000
7.5000,40.99,0.415166,0.042696,32.5000,27.5000
7.5000,41.39,0.308115,0.043108,32.5000,27.5000
7.5000,41.79,0.218438,0.043521,32.5000,27.5000
7.5000,42.18,0.789106,0.043933,32.5000,27.5000
7.5000,42.58,0.895216,0.044345,32.5000,27.5000
7.5000,42.97,0.918959,0.044757,32.5000,27.5000
7.5000,43.37,0.937123,0.045169,32.5000,27.5000
7.5000,43.77,0.947136,0.045581,32.5000,27.5000
7.5000,44.16,0.954133,0.045994,32.5000,27.5000
7.5000,44.56,0.958959,0.046406,32.5000,27.5000
7.5000,44.95,0.962448,0.046818,32.5000,27.5000
7.5000,45.35,0.964965,0.047230,32.5000,27.5000
7.5000,45.74,0.966804,0.047642,32.5000,27.5000
7.5000,46.14,0.967965,0.048054,32.5000,27.5000
7.5000,46.54,0.969102,0.048467,32.5000,27.5000
7.5000,46.93,0.968230,0.048879,32.5000,27.5000
7.5000,47.33,0.972844,0.049291,32.5000,27.5000
7.5000,47.72,0.953917,0.049703,32.5000,27.5000
7.5000,48.12,0.998925,0.050115,32.5000,27.5000
7.5000,48.52,0.717789,0.050527,32.5000,27.5000
7.5000,48.91,0.548436,0.050940,32.5000,27.5000
7.5000,49.31,0.502958,0.051352,32.5000,27.5000
7.5000,49.70,0.500060,0.051764,32.5000,27.5000
7.5000,50.10,0.500156,0.367645,32.5000,27.5000
7.5000,50.50,0.505276,0.370484,32.5000,27.5000
7.5000,50.89,0.506088,0.373320,32.5000,27.5000
7.5000,51.29,0.528449,0.376156,32.5000,27.5000
7.5000,51.68,0.514669,0.378990,32.5000,27.5000
7.5000,52.08,0.515388,0.381822,32.5000,27.5000
7.5000,52.48,0.513450,0.384653,32.5000,27.5000
7.5000,52.87,0.512277,0.387482,32.5000,27.5000
7.5000,53.27,0.510997,0.390309,32.5000,27.5000
7.5000,53.66,0.509821,0.393136,32.5000,27.5000
7.5000,54.06,0.508698,0.395960,32.5000,27.5000
7.5000,54.46,0.507641,0.398783,32.5000,27.5000
7.5000,54.85,0.506649,0.401604,32.5000,27.5000
7.5000,55.25,0.505721,0.404424,32.5000,27.5000
7.5000,55.64,0.504859,0.407242,32.5000,27.5000
7.5000,56.04,0.504065,0.410059,32.5000,27.5000
7.5000,56.44,0.503336,0.412873,32.5000,27.5000
7.5000,56.83,0.502681,0.415686,32.5000,27.5000
7.5000,57.23,0.502077,0.418497,32.5000,27.5000
7.5000,57.62,0.501597,0.421307,32.5000,27.5000
7.5000,58.02,0.501045,0.424115,32.5000,27.5000
7.5000,58.42,0.500981,0.426921,32.5000,27.5000
7.5000,58.81,0.500199,0.429725,32.5000,27.5000
7.5000,59.21,0.500319,0.432528,32.5000,27.5000
7.5000,59.60,0.500004,0.435328,32.5000,27.5000
7.5000,60.00,0.499998,0.438127,32.5000,27.5000
8.0000,1.00,0.499856,0.056930,31.6667,28.3333
8.0000,1.40,0.499985,0.079453,31.6667,28.3333
8.0000,1.79,0.500020,0.101945,31.6667,28.3333
8.0000,2.19,0.500059,0.124377,31.6667,28.3333
8.0000,2.58,0.500094,0.146744,31.6667,28.3333
8.0000,2.98,0.500096,0.169042,31.6667,28.3333
8.0000,3.38,0.500047,0.191267,31.6667,28.3333
8.0000,3.77,0.500078,0.213416,31.6667,28.3333
8.0000,4.17,0.500070,0.235485,31.6667,28.3333
8.0000,4.56,0.501516,0.257470,31.6667,28.3333
8.0000,4.96,0.500011,0.279368,31.6667,28.3333
8.0000,5.36,0.552666,0.165216,31.6667,28.3333
8.0000,5.75,0.501107,0.177327,31.6667,28.3333
8.0000,6.15,0.501305,0.189422,31.6667,28.3333
8.0000,6.54,0.501166,0.201501,31.6667,28.3333
8.0000,6.94,0.501449,0.213564,31.6667,28.3333
8.0000,7.34,0.501636,0.225609,31.6667,28.3333
8.0000,7.73,0.501948,0.237635,31.6667,28.3333
8.0000,8.13,0.501962,0.249643,31.6667,28.3333
8.0000,8.52,0.503650,0.261631,31.6667,28.3333
8.0000,8.92,0.500971,0.273599,31.6667,28.3333
8.0000,9.32,0.501263,0.285545,31.6667,28.3333
8.0000,9.71,0.500012,0.297470,31.6667,28.3333
8.0000,10.11,0.510756,0.039487,31.6667,28.3333
8.0000,10.50,0.581536,0.041032,31.6667,28.3333
8.0000,10.90,0.994278,0.042578,31.6667,28.3333
8.0000,11.30,0.895902,0.044123,31.6667,28.3333
8.0000,11.69,0.946695,0.045669,31.6667,28.3333
8.0000,12.09,0.938977,0.047214,31.6667,28.3333
8.0000,12.48,0.945052,0.048759,31.6667,28.3333
8.0000,12.88,0.947076,0.050305,31.6667,28.3333
8.0000,13.28,0.949747,0.051850,31.6667,28.3333
8.0000,13.67,0.951915,0.053396,31.6667,28.3333
8.0000,14.07,0.953918,0.054941,31.6667,28.3333
8.0000,14.46,0.955707,0.056487,31.6667,28.3333
8.0000,14.86,0.957323,0.058032,31.6667,28.3333
8.0000,15.26,0.958783,0.059578,31.6667,28.3333
8.0000,15.65,0.960100,0.061123,31.6667,28.3333
8.0000,16.05,0.961302,0.062669,31.6667,28.3333
8.0000,16.44,0.962350,0.064215,31.6667,28.3333
8.0000,16.84,0.963440,0.065760,31.6667,28.3333
8.0000,17.23,0.963904,0.067306,31.6667,28.3333
8.0000,17.63,0.966216,0.068851,31.6667,28.3333
8.0000,18.03,0.961244,0.070397,31.6667,28.3333
8.0000,18.42,0.980771,0.071942,31.6667,28.3333
8.0000,18.82,0.892750,0.073488,31.6667,28.3333
8.0000,19.21,0.836267,0.075033,31.6667,28.3333
8.0000,19.61,0.512067,0.076579,31.6667,28.3333
8.0000,20.01,0.838119,0.022809,31.6667,28.3333
8.0000,20.40,0.961767,0.023261,31.6667,28.3333
8.0000,20.80,0.998749,0.023712,31.6667,28.3333
8.0000,21.19,0.994744,0.024164,31.6667,28.3333
8.0000,21.59,0.996285,0.024616,31.6667,28.3333
8.0000,21.99,0.995935,0.025067,31.6667,28.3333
8.0000,22.38,0.996043,0.025519,31.6667,28.3333
8.0000,22.78,0.996013,0.025970,31.6667,28.3333
8.0000,23.17,0.996007,0.026422,31.6667,28.3333
8.0000,23.57,0.995981,0.026874,31.6667,28.3333
8.0000,23.97,0.995947,0.027325,31.6667,28.3333
8.0000,24.36,0.995903,0.027777,31.6667,28.3333
8.0000,24.76,0.995848,0.028228,31.6667,28.3333
8.0000,25.15,0.995783,0.028680,31.6667,28.3333
8.0000,25.55,0.995706,0.029132,31.6667,28.3333
8.0000,25.95,0.995621,0.029583,31.6667,28.3333
8.0000,26.34,0.995517,0.030035,31.6667,28.3333
8.0000,26.74,0.995431,0.030487,31.6667,28.3333
8.0000,27.13,0.995220,0.030938,31.6667,28.3333
8.0000,27.53,0.995420,0.031390,31.6667,28.3333
8.0000,27.93,0.993941,0.031842,31.6667,28.3333
8.0000,28.32,0.997875,0.032293,31.6667,28.3333
8.0000,28.72,0.969983,0.032745,31.6667,28.3333
8.0000,29.11,0.909059,0.033197,31.6667,28.3333
8.0000,29.51,0.584269,0.033648,31.6667,28.3333
8.0000,29.91,0.502263,0.034100,31.6667,28.3333
8.0000,30.30,0.505045,0.211759,31.6667,28.3333
8.0000,30.70,0.777788,0.214501,31.6667,28.3333
8.0000,31.09,0.600062,0.217243,31.6667,28.3333
8.0000,31.49,0.698151,0.219984,31.6667,28.3333
8.0000,31.89,0.661711,0.222724,31.6667,28.3333
8.0000,32.28,0.669310,0.225463,31.6667,28.3333
8.0000,32.68,0.665974,0.228201,31.6667,28.3333
8.0000,33.07,0.665572,0.230939,31.6667,28.3333
8.0000,33.47,0.664376,0.233676,31.6667,28.3333
8.0000,33.87,0.663367,0.236411,31.6667,28.3333
8.0000,34.26,0.662284,0.239146,31.6667,28.3333
8.0000,34.66,0.661194,0.241880,31.6667,28.3333
8.0000,35.05,0.660075,0.244613,31.6667,28.3333
8.0000,35.45,0.658936,0.247345,31.6667,28.3333
8.0000,35.85,0.657751,0.250076,31.6667,28.3333
8.0000,36.24,0.656602,0.252807,31.6667,28.3333
8.0000,36.64,0.655184,0.255536,31.6667,28.3333
8.0000,37.03,0.654610,0.258264,31.6667,28.3333
8.0000,37.43,0.650790,0.260992,31.6667,28.3333
8.0000,37.83,0.659027,0.263718,31.6667,28.3333
8.0000,38.22,0.625862,0.266444,31.6667,28.3333
8.0000,38.62,0.804033,0.269168,31.6667,28.3333
8.0000,39.01,0.525789,0.271892,31.6667,28.3333
8.0000,39.41,0.506577,0.274614,31.6667,28.3333
8.0000,39.81,0.500104,0.277335,31.6667,28.3333
8.0000,40.20,0.568606,0.058980,31.6667,28.3333
8.0000,40.60,0.768558,0.059560,31.6667,28.3333
8.0000,40.99,0.999360,0.060140,31.6667,28.3333
8.0000,41.39,0.967160,0.060721,31.6667,28.3333
8.0000,41.79,0.979984,0.061301,31.6667,28.3333
8.0000,42.18,0.975445,0.061881,31.6667,28.3333
8.0000,42.58,0.975255,0.062462,31.6667,28.3333
8.0000,42.97,0.973714,0.063042,31.6667,28.3333
8.0000,43.37,0.972398,0.063622,31.6667,28.3333
8.0000,43.77,0.970861,0.064203,31.6667,28.3333
8.0000,44.16,0.969208,0.064783,31.6667,28.3333
8.0000,44.56,0.967391,0.065363,31.6667,28.3333
8.0000,44.95,0.965402,0.065944,31.6667,28.3333
8.0000,45.35,0.963205,0.066524,31.6667,28.3333
8.0000,45.74,0.960827,0.067104,31.6667,28.3333
8.0000,46.14,0.958034,0.067685,31.6667,28.3333
8.0000,46.54,0.955582,0.068265,31.6667,28.3333
8.0000,46.93,0.950344,0.068845,31.6667,28.3333
8.0000,47.33,0.954170,0.069425,31.6667,28.3333
8.0000,47.72,0.919076,0.070006,31.6667,28.3333
8.0000,48.12,0.998246,0.070586,31.6667,28.3333
8.0000,48.52,0.635771,0.071166,31.6667,28.3333
8.0000,48.91,0.524506,0.071747,31.6667,28.3333
8.0000,49.31,0.501380,0.072327,31.6667,28.3333
8.0000,49.70,0.500028,0.072907,31.6667,28.3333
8.0000,50.10,0.500085,1.170199,31.6667,28.3333
8.0000,50.50,0.502376,1.177142,31.6667,28.3333
8.0000,50.89,0.503847,1.184042,31.6667,28.3333
8.0000,51.29,0.523851,1.190899,31.6667,28.3333
8.0000,51.68,0.510648,1.197714,31.6667,28.3333
8.0000,52.08,0.511419,1.204485,31.6667,28.3333
8.0000,52.48,0.509834,1.211214,31.6667,28.3333
8.0000,52.87,0.508939,1.217899,31.6667,28.3333
8.0000,53.27,0.507955,1.224542,31.6667,28.3333
8.0000,53.66,0.507065,1.231142,31.6667,28.3333
8.0000,54.06,0.506224,1.237700,31.6667,28.3333
8.0000,54.46,0.505440,1.244214,31.6667,28.3333
8.0000,54.85,0.504710,1.250686,31.6667,28.3333
8.0000,55.25,0.504034,1.257116,31.6667,28.3333
8.0000,55.64,0.503411,1.263503,31.6667,28.3333
8.0000,56.04,0.502842,1.269847,31.6667,28.3333
8.0000,56.44,0.502321,1.276149,31.6667,28.3333
8.0000,56.83,0.501861,1.282408,31.6667,28.3333
8.0000,57.23,0.501428,1.288625,31.6667,28.3333
8.0000,57.62,0.501115,1.294799,31.6667,28.3333
8.0000,58.02,0.500675,1.300932,31.6667,28.3333
8.0000,58.42,0.500871,1.307022,31.6667,28.3333
8.0000,58.81,0.500081,1.313070,31.6667,28.3333
8.0000,59.21,0.500024,1.319076,31.6667,28.3333
8.0000,59.60,0.500001,1.325041,31.6667,28.3333
8.0000,60.00,0.499999,1.330964,31.6667,28.3333
8.5000,1.00,0.499963,0.079684,30.8333,29.1667
8.5000,1.40,0.499993,0.111180,30.8333,29.1667
8.5000,1.79,0.500004,0.142608,30.8333,29.1667
8.5000,2.19,0.500010,0.173913,30.8333,29.1667
8.5000,2.58,0.500009,0.205083,30.8333,29.1667
8.5000,2.98,0.500017,0.236106,30.8333,29.1667
8.5000,3.38,0.500026,0.266969,30.8333,29.1667
8.5000,3.77,0.500047,0.297660,30.8333,29.1667
8.5000,4.17,0.500035,0.328170,30.8333,29.1667
8.5000,4.56,0.520333,0.358486,30.8333,29.1667
8.5000,4.96,0.500002,0.388597,30.8333,29.1667
8.5000,5.36,0.501790,0.140434,30.8333,29.1667
8.5000,5.75,0.502143,0.150745,30.8333,29.1667
8.5000,6.15,0.510300,0.161048,30.8333,29.1667
8.5000,6.54,0.505022,0.171340,30.8333,29.1667
8.5000,6.94,0.504317,0.181622,30.8333,29.1667
8.5000,7.34,0.502575,0.191893,30.8333,29.1667
8.5000,7.73,0.503052,0.202153,30.8333,29.1667
8.5000,8.13,0.503030,0.212401,30.8333,29.1667
8.5000,8.52,0.505599,0.222637,30.8333,29.1667
8.5000,8.92,0.501456,0.232861,30.8333,29.1667
8.5000,9.32,0.501825,0.243072,30.8333,29.1667
8.5000,9.71,0.500017,0.253269,30.8333,29.1667
8.5000,10.11,0.515605,0.034204,30.8333,29.1667
8.5000,10.50,0.614608,0.035543,30.8333,29.1667
8.5000,10.90,0.992981,0.036882,30.8333,29.1667
8.5000,11.30,0.932358,0.038221,30.8333,29.1667
8.5000,11.69,0.968476,0.039560,30.8333,29.1667
8.5000,12.09,0.962874,0.040899,30.8333,29.1667
8.5000,12.48,0.966802,0.042238,30.8333,29.1667
8.5000,12.88,0.967953,0.043578,30.8333,29.1667
8.5000,13.28,0.969573,0.044917,30.8333,29.1667
8.5000,13.67,0.970865,0.046256,30.8333,29.1667
8.5000,14.07,0.972061,0.047595,30.8333,29.1667
8.5000,14.46,0.973125,0.048935,30.8333,29.1667
8.5000,14.86,0.974084,0.050274,30.8333,29.1667
8.5000,15.26,0.974947,0.051613,30.8333,29.1667
8.5000,15.65,0.975724,0.052953,30.8333,29.1667
8.5000,16.05,0.976429,0.054292,30.8333,29.1667
8.5000,16.44,0.977043,0.055632,30.8333,29.1667
8.5000,16.84,0.977676,0.056971,30.8333,29.1667
8.5000,17.23,0.977952,0.058310,30.8333,29.1667
8.5000,17.63,0.979261,0.059650,30.8333,29.1667
8.5000,18.03,0.976479,0.060989,30.8333,29.1667
8.5000,18.42,0.987439,0.062329,30.8333,29.1667
8.5000,18.82,0.936129,0.063668,30.8333,29.1667
8.5000,19.21,0.910810,0.065008,30.8333,29.1667
8.5000,19.61,0.524664,0.066348,30.8333,29.1667
8.5000,20.01,0.902292,0.029062,30.8333,29.1667
8.5000,20.40,0.974770,0.029637,30.8333,29.1667
8.5000,20.80,0.998450,0.030212,30.8333,29.1667
8.5000,21.19,0.995414,0.030788,30.8333,29.1667
8.5000,21.59,0.996477,0.031363,30.8333,29.1667
8.5000,21.99,0.996216,0.031939,30.8333,29.1667
8.5000,22.38,0.996279,0.032514,30.8333,29.1667
8.5000,22.78,0.996244,0.033089,30.8333,29.1667
8.5000,23.17,0.996223,0.033665,30.8333,29.1667
8.5000,23.57,0.996187,0.034240,30.8333,29.1667
8.5000,23.97,0.996144,0.034816,30.8333,29.1667
8.5000,24.36,0.996092,0.035391,30.8333,29.1667
8.5000,24.76,0.996031,0.035966,30.8333,29.1667
8.5000,25.15,0.995961,0.036542,30.8333,29.1667
8.5000,25.55,0.995881,0.037117,30.8333,29.1667
8.5000,25.95,0.995793,0.037693,30.8333,29.1667
8.5000,26.34,0.995690,0.038268,30.8333,29.1667
8.5000,26.74,0.995594,0.038844,30.8333,29.1667
8.5000,27.13,0.995425,0.039419,30.8333,29.1667
8.5000,27.53,0.995482,0.039995,30.8333,29.1667
8.5000,27.93,0.994607,0.040570,30.8333,29.1667
8.5000,28.32,0.996920,0.041146,30.8333,29.1667
8.5000,28.72,0.983280,0.041721,30.8333,29.1667
8.5000,29.11,0.974706,0.042297,30.8333,29.1667
8.5000,29.51,0.684069,0.042872,30.8333,29.1667
8.5000,29.91,0.506805,0.043448,30.8333,29.1667
8.5000,30.30,0.580445,0.138448,30.8333,29.1667
8.5000,30.70,0.990983,0.140249,30.8333,29.1667
8.5000,31.09,0.888449,0.142050,30.8333,29.1667
8.5000,31.49,0.940521,0.143851,30.8333,29.1667
8.5000,31.89,0.923427,0.145652,30.8333,29.1667
8.5000,32.28,0.924310,0.147452,30.8333,29.1667
8.5000,32.68,0.919920,0.149252,30.8333,29.1667
8.5000,33.07,0.916684,0.151052,30.8333,29.1667
8.5000,33.47,0.912815,0.152852,30.8333,29.1667
8.5000,33.87,0.908776,0.154651,30.8333,29.1667
8.5000,34.26,0.904406,0.156451,30.8333,29.1667
8.5000,34.66,0.899713,0.158250,30.8333,29.1667
8.5000,35.05,0.894653,0.160048,30.8333,29.1667
8.5000,35.45,0.889194,0.161847,30.8333,29.1667
8.5000,35.85,0.883282,0.163645,30.8333,29.1667
8.5000,36.24,0.876919,0.165443,30.8333,29.1667
8.5000,36.64,0.869865,0.167241,30.8333,29.1667
8.5000,37.03,0.862775,0.169038,30.8333,29.1667
8.5000,37.43,0.852840,0.170835,30.8333,29.1667
8.5000,37.83,0.850474,0.172632,30.8333,29.1667
8.5000,38.22,0.815868,0.174429,30.8333,29.1667
8.5000,38.62,0.903015,0.176225,30.8333,29.1667
8.5000,39.01,0.626005,0.178021,30.8333,29.1667
8.5000,39.41,0.553552,0.179817,30.8333,29.1667
8.5000,39.81,0.500730,0.181613,30.8333,29.1667
8.5000,40.20,0.690474,0.075581,30.8333,29.1667
8.5000,40.60,0.861389,0.076324,30.8333,29.1667
8.5000,40.99,0.992851,0.077067,30.8333,29.1667
8.5000,41.39,0.968261,0.077811,30.8333,29.1667
8.5000,41.79,0.974936,0.078554,30.8333,29.1667
8.5000,42.18,0.971495,0.079297,30.8333,29.1667
8.5000,42.58,0.970616,0.080041,30.8333,29.1667
8.5000,42.97,0.968873,0.080784,30.8333,29.1667
8.5000,43.37,0.967204,0.081527,30.8333,29.1667
8.5000,43.77,0.965332,0.082271,30.8333,29.1667
8.5000,44.16,0.963315,0.083014,30.8333,29.1667
8.5000,44.56,0.961115,0.083757,30.8333,29.1667
8.5000,44.95,0.958718,0.084500,30.8333,29.1667
8.5000,45.35,0.956087,0.085244,30.8333,29.1667
8.5000,45.74,0.953246,0.085987,30.8333,29.1667
8.5000,46.14,0.949959,0.086730,30.8333,29.1667
8.5000,46.54,0.946978,0.087473,30.8333,29.1667
8.5000,46.93,0.941166,0.088216,30.8333,29.1667
8.5000,47.33,0.944425,0.088960,30.8333,29.1667
8.5000,47.72,0.909014,0.089703,30.8333,29.1667
8.5000,48.12,0.994502,0.090446,30.8333,29.1667
8.5000,48.52,0.638040,0.091189,30.8333,29.1667
8.5000,48.91,0.527509,0.091932,30.8333,29.1667
8.5000,49.31,0.501500,0.092675,30.8333,29.1667
8.5000,49.70,0.500030,0.093418,30.8333,29.1667
8.5000,50.10,0.500109,0.983363,30.8333,29.1667
8.5000,50.50,0.503399,0.989799,30.8333,29.1667
8.5000,50.89,0.504454,0.996209,30.8333,29.1667
8.5000,51.29,0.522988,1.002591,30.8333,29.1667
8.5000,51.68,0.511176,1.008946,30.8333,29.1667
8.5000,52.08,0.511751,1.015274,30.8333,29.1667
8.5000,52.48,0.510158,1.021575,30.8333,29.1667
8.5000,52.87,0.509208,1.027849,30.8333,29.1667
8.5000,53.27,0.508185,1.034096,30.8333,29.1667
8.5000,53.66,0.507258,1.040315,30.8333,29.1667
8.5000,54.06,0.506384,1.046508,30.8333,29.1667
8.5000,54.46,0.505571,1.052672,30.8333,29.1667
8.5000,54.85,0.504816,1.058810,30.8333,29.1667
8.5000,55.25,0.504118,1.064920,30.8333,29.1667
8.5000,55.64,0.503477,1.071002,30.8333,29.1667
8.5000,56.04,0.502891,1.077057,30.8333,29.1667
8.5000,56.44,0.502358,1.083084,30.8333,29.1667
8.5000,56.83,0.501886,1.089083,30.8333,29.1667
8.5000,57.23,0.501446,1.095055,30.8333,29.1667
8.5000,57.62,0.501124,1.100999,30.8333,29.1667
8.5000,58.02,0.500686,1.106915,30.8333,29.1667
8.5000,58.42,0.500844,1.112803,30.8333,29.1667
8.5000,58.81,0.500087,1.118663,30.8333,29.1667
8.5000,59.21,0.500029,1.124496,30.8333,29.1667
8.5000,59.60,0.500001,1.130301,30.8333,29.1667
8.5000,60.00,0.499999,1.136078,30.8333,29.1667
9.0000,1.00,0.499818,0.091139,30.0000,30.0000
9.0000,1.40,0.499998,0.127144,30.0000,30.0000
9.0000,1.79,0.500015,0.163051,30.0000,30.0000
9.0000,2.19,0.500009,0.198799,30.0000,30.0000
9.0000,2.58,0.500018,0.234367,30.0000,30.0000
9.0000,2.98,0.500030,0.269735,30.0000,30.0000
9.0000,3.38,0.500044,0.304885,30.0000,30.0000
9.0000,3.77,0.500079,0.339799,30.0000,30.0000
9.0000,4.17,0.500051,0.374459,30.0000,30.0000
9.0000,4.56,0.501735,0.408849,30.0000,30.0000
9.0000,4.96,0.500002,0.442951,30.0000,30.0000
9.0000,5.36,0.502014,0.097864,30.0000,30.0000
9.0000,5.75,0.507234,0.105070,30.0000,30.0000
9.0000,6.15,0.602094,0.112273,30.0000,30.0000
9.0000,6.54,0.538822,0.119473,30.0000,30.0000
9.0000,6.94,0.551064,0.126670,30.0000,30.0000
9.0000,7.34,0.548535,0.133863,30.0000,30.0000
9.0000,7.73,0.550786,0.141053,30.0000,30.0000
9.0000,8.13,0.545042,0.148238,30.0000,30.0000
9.0000,8.52,0.563752,0.155420,30.0000,30.0000
9.0000,8.92,0.517905,0.162598,30.0000,30.0000
9.0000,9.32,0.525645,0.169771,30.0000,30.0000
9.0000,9.71,0.500160,0.176940,30.0000,30.0000
9.0000,10.11,0.561666,0.036774,30.0000,30.0000
9.0000,10.50,0.725664,0.038213,30.0000,30.0000
9.0000,10.90,0.991693,0.039653,30.0000,30.0000
9.0000,11.30,0.942891,0.041093,30.0000,30.0000
9.0000,11.69,0.962612,0.042533,30.0000,30.0000
9.0000,12.09,0.960711,0.043973,30.0000,30.0000
9.0000,12.48,0.963826,0.045413,30.0000,30.0000
9.0000,12.88,0.965378,0.046853,30.0000,30.0000
9.0000,13.28,0.967098,0.048293,30.0000,30.0000
9.0000,13.67,0.968572,0.049734,30.0000,30.0000
9.0000,14.07,0.969929,0.051174,30.0000,30.0000
9.0000,14.46,0.971155,0.052614,30.0000,30.0000
9.0000,14.86,0.972270,0.054054,30.0000,30.0000
9.0000,15.26,0.973284,0.055494,30.0000,30.0000
9.0000,15.65,0.974205,0.056935,30.0000,30.0000
9.0000,16.05,0.975049,0.058375,30.0000,30.0000
9.0000,16.44,0.975796,0.059815,30.0000,30.0000
9.0000,16.84,0.976546,0.061256,30.0000,30.0000
9.0000,17.23,0.976969,0.062696,30.0000,30.0000
9.0000,17.63,0.978287,0.064136,30.0000,30.0000
9.0000,18.03,0.976009,0.065577,30.0000,30.0000
9.0000,18.42,0.985871,0.067017,30.0000,30.0000
9.0000,18.82,0.942306,0.068458,30.0000,30.0000
9.0000,19.21,0.939415,0.069898,30.0000,30.0000
9.0000,19.61,0.533298,0.071338,30.0000,30.0000
9.0000,20.01,0.933296,0.030965,30.0000,30.0000
9.0000,20.40,0.976674,0.031578,30.0000,30.0000
9.0000,20.80,0.997558,0.032191,30.0000,30.0000
9.0000,21.19,0.994395,0.032804,30.0000,30.0000
9.0000,21.59,0.995457,0.033418,30.0000,30.0000
9.0000,21.99,0.995229,0.034031,30.0000,30.0000
9.0000,22.38,0.995316,0.034644,30.0000,30.0000
9.0000,22.78,0.995304,0.035257,30.0000,30.0000
9.0000,23.17,0.995303,0.035870,30.0000,30.0000
9.0000,23.57,0.995284,0.036483,30.0000,30.0000
9.0000,23.97,0.995255,0.037096,30.0000,30.0000
9.0000,24.36,0.995214,0.037710,30.0000,30.0000
9.0000,24.76,0.995162,0.038323,30.0000,30.0000
9.0000,25.15,0.995098,0.038936,30.0000,30.0000
9.0000,25.55,0.995022,0.039549,30.0000,30.0000
9.0000,25.95,0.994934,0.040162,30.0000,30.0000
9.0000,26.34,0.994832,0.040776,30.0000,30.0000
9.0000,26.74,0.994723,0.041389,30.0000,30.0000
9.0000,27.13,0.994579,0.042002,30.0000,30.0000
9.0000,27.53,0.994507,0.042615,30.0000,30.0000
9.0000,27.93,0.994091,0.043229,30.0000,30.0000
9.0000,28.32,0.994878,0.043842,30.0000,30.0000
9.0000,28.72,0.990633,0.044455,30.0000,30.0000
9.0000,29.11,0.999394,0.045068,30.0000,30.0000
9.0000,29.51,0.898153,0.045682,30.0000,30.0000
9.0000,29.91,0.554666,0.046295,30.0000,30.0000
9.0000,30.30,0.854616,0.087982,30.0000,30.0000
9.0000,30.70,0.997309,0.089129,30.0000,30.0000
9.0000,31.09,0.975706,0.090276,30.0000,30.0000
9.0000,31.49,0.982817,0.091423,30.0000,30.0000
9.0000,31.89,0.980144,0.092570,30.0000,30.0000
9.0000,32.28,0.979956,0.093717,30.0000,30.0000
9.0000,32.68,0.979019,0.094864,30.0000,30.0000
9.0000,33.07,0.978220,0.096011,30.0000,30.0000
9.0000,33.47,0.977313,0.097157,30.0000,30.0000
9.0000,33.87,0.976362,0.098304,30.0000,30.0000
9.0000,34.26,0.975343,0.099451,30.0000,30.0000
9.0000,34.66,0.974259,0.100597,30.0000,30.0000
9.0000,35.05,0.973103,0.101744,30.0000,30.0000
9.0000,35.45,0.971870,0.102890,30.0000,30.0000
9.0000,35.85,0.970556,0.104037,30.0000,30.0000
9.0000,36.24,0.969156,0.105183,30.0000,30.0000
9.0000,36.64,0.967659,0.106329,30.0000,30.0000
9.0000,37.03,0.966074,0.107475,30.0000,30.0000
9.0000,37.43,0.964340,0.108622,30.0000,30.0000
9.0000,37.83,0.962653,0.109768,30.0000,30.0000
9.0000,38.22,0.960223,0.110914,30.0000,30.0000
9.0000,38.62,0.960029,0.112060,30.0000,30.0000
9.0000,39.01,0.950469,0.113206,30.0000,30.0000
9.0000,39.41,0.973869,0.114351,30.0000,30.0000
9.0000,39.81,0.966813,0.115497,30.0000,30.0000
9.0000,40.20,0.973472,0.109746,30.0000,30.0000
9.0000,40.60,0.945458,0.110824,30.0000,30.0000
9.0000,40.99,0.950323,0.111902,30.0000,30.0000
9.0000,41.39,0.945291,0.112980,30.0000,30.0000
9.0000,41.79,0.942683,0.114058,30.0000,30.0000
9.0000,42.18,0.939111,0.115136,30.0000,30.0000
9.0000,42.58,0.935488,0.116214,30.0000,30.0000
9.0000,42.97,0.931536,0.117292,30.0000,30.0000
9.0000,43.37,0.927302,0.118370,30.0000,30.0000
9.0000,43.77,0.922740,0.119447,30.0000,30.0000
9.0000,44.16,0.917826,0.120525,30.0000,30.0000
9.0000,44.56,0.912525,0.121603,30.0000,30.0000
9.0000,44.95,0.906809,0.122680,30.0000,30.0000
9.0000,45.35,0.900609,0.123758,30.0000,30.0000
9.0000,45.74,0.893996,0.124835,30.0000,30.0000
9.0000,46.14,0.886476,0.125913,30.0000,30.0000
9.0000,46.54,0.879695,0.126990,30.0000,30.0000
9.0000,46.93,0.867083,0.128067,30.0000,30.0000
9.0000,47.33,0.873495,0.129145,30.0000,30.0000
9.0000,47.72,0.805152,0.130222,30.0000,30.0000
9.0000,48.12,0.992591,0.131299,30.0000,30.0000
9.0000,48.52,0.552381,0.132376,30.0000,30.0000
9.0000,48.91,0.508159,0.133453,30.0000,30.0000
9.0000,49.31,0.500432,0.134530,30.0000,30.0000
9.0000,49.70,0.500009,0.135607,30.0000,30.0000
9.0000,50.10,0.500055,1.856782,30.0000,30.0000
9.0000,50.50,0.501016,1.860331,30.0000,30.0000
9.0000,50.89,0.504068,1.863796,30.0000,30.0000
9.0000,51.29,0.603811,1.867178,30.0000,30.0000
9.0000,51.68,0.521097,1.870479,30.0000,30.0000
9.0000,52.08,0.526238,1.873700,30.0000,30.0000
9.0000,52.48,0.521666,1.876844,30.0000,30.0000
9.0000,52.87,0.519944,1.879913,30.0000,30.0000
9.0000,53.27,0.517712,1.882907,30.0000,30.0000
9.0000,53.66,0.515759,1.885829,30.0000,30.0000
9.0000,54.06,0.513891,1.888680,30.0000,30.0000
9.0000,54.46,0.512151,1.891463,30.0000,30.0000
9.0000,54.85,0.510528,1.894177,30.0000,30.0000
9.0000,55.25,0.509022,1.896826,30.0000,30.0000
9.0000,55.64,0.507631,1.899410,30.0000,30.0000
9.0000,56.04,0.506358,1.901931,30.0000,30.0000
9.0000,56.44,0.505191,1.904390,30.0000,30.0000
9.0000,56.83,0.504168,1.906789,30.0000,30.0000
9.0000,57.23,0.503171,1.909130,30.0000,30.0000
9.0000,57.62,0.502549,1.911413,30.0000,30.0000
9.0000,58.02,0.501387,1.913639,30.0000,30.0000
9.0000,58.42,0.503175,1.915811,30.0000,30.0000
9.0000,58.81,0.500101,1.917930,30.0000,30.0000
9.0000,59.21,0.500013,1.919996,30.0000,30.0000
9.0000,59.60,0.500001,1.922012,30.0000,30.0000
9.0000,60.00,0.499999,1.923977,30.0000,30.0000
9.5000,1.00,0.004076,0.060753,29.1667,30.8333
9.5000,1.40,0.499997,0.084785,29.1667,30.8333
9.5000,1.79,0.500103,0.108785,29.1667,30.8333
9.5000,2.19,0.500126,0.132731,29.1667,30.8333
9.5000,2.58,0.500173,0.156614,29.1667,30.8333
9.5000,2.98,0.500124,0.180430,29.1667,30.8333
9.5000,3.38,0.500090,0.204174,29.1667,30.8333
9.5000,3.77,0.500154,0.227840,29.1667,30.8333
9.5000,4.17,0.500107,0.251422,29.1667,30.8333
9.5000,4.56,0.548232,0.274915,29.1667,30.8333
9.5000,4.96,0.500007,0.298315,29.1667,30.8333
9.5000,5.36,0.507607,0.098223,29.1667,30.8333
9.5000,5.75,0.510868,0.105460,29.1667,30.8333
9.5000,6.15,0.558490,0.112694,29.1667,30.8333
9.5000,6.54,0.535539,0.119925,29.1667,30.8333
9.5000,6.94,0.542480,0.127154,29.1667,30.8333
9.5000,7.34,0.541556,0.134379,29.1667,30.8333
9.5000,7.73,0.543233,0.141600,29.1667,30.8333
9.5000,8.13,0.538453,0.148818,29.1667,30.8333
9.5000,8.52,0.554466,0.156032,29.1667,30.8333
9.5000,8.92,0.515305,0.163243,29.1667,30.8333
9.5000,9.32,0.522821,0.170449,29.1667,30.8333
9.5000,9.71,0.500138,0.177651,29.1667,30.8333
9.5000,10.11,0.557223,0.034165,29.1667,30.8333
9.5000,10.50,0.710027,0.035503,29.1667,30.8333
9.5000,10.90,0.988817,0.036842,29.1667,30.8333
9.5000,11.30,0.933305,0.038180,29.1667,30.8333
9.5000,11.69,0.955404,0.039518,29.1667,30.8333
9.5000,12.09,0.953562,0.040856,29.1667,30.8333
9.5000,12.48,0.957269,0.042195,29.1667,30.8333
9.5000,12.88,0.959222,0.043533,29.1667,30.8333
9.5000,13.28,0.961342,0.044871,29.1667,30.8333
9.5000,13.67,0.963171,0.046210,29.1667,30.8333
9.5000,14.07,0.964855,0.047548,29.1667,30.8333
9.5000,14.46,0.966380,0.048887,29.1667,30.8333
9.5000,14.86,0.967769,0.050225,29.1667,30.8333
9.5000,15.26,0.969036,0.051564,29.1667,30.8333
9.5000,15.65,0.970190,0.052903,29.1667,30.8333
9.5000,16.05,0.971246,0.054241,29.1667,30.8333
9.5000,16.44,0.972200,0.055580,29.1667,30.8333
9.5000,16.84,0.973106,0.056919,29.1667,30.8333
9.5000,17.23,0.973800,0.058257,29.1667,30.8333
9.5000,17.63,0.974910,0.059596,29.1667,30.8333
9.5000,18.03,0.974167,0.060935,29.1667,30.8333
9.5000,18.42,0.979716,0.062274,29.1667,30.8333
9.5000,18.82,0.959926,0.063612,29.1667,30.8333
9.5000,19.21,0.997330,0.064951,29.1667,30.8333
9.5000,19.61,0.631931,0.066290,29.1667,30.8333
9.5000,20.01,0.994919,0.047457,29.1667,30.8333
9.5000,20.40,0.976348,0.048396,29.1667,30.8333
9.5000,20.80,0.990180,0.049336,29.1667,30.8333
9.5000,21.19,0.987319,0.050276,29.1667,30.8333
9.5000,21.59,0.988309,0.051215,29.1667,30.8333
9.5000,21.99,0.988213,0.052155,29.1667,30.8333
9.5000,22.38,0.988369,0.053095,29.1667,30.8333
9.5000,22.78,0.988427,0.054034,29.1667,30.8333
9.5000,23.17,0.988482,0.054974,29.1667,30.8333
9.5000,23.57,0.988507,0.055913,29.1667,30.8333
9.5000,23.97,0.988512,0.056853,29.1667,30.8333
9.5000,24.36,0.988494,0.057793,29.1667,30.8333
9.5000,24.76,0.988454,0.058732,29.1667,30.8333
9.5000,25.15,0.988391,0.059672,29.1667,30.8333
9.5000,25.55,0.988306,0.060612,29.1667,30.8333
9.5000,25.95,0.988200,0.061551,29.1667,30.8333
9.5000,26.34,0.988069,0.062491,29.1667,30.8333
9.5000,26.74,0.987921,0.063431,29.1667,30.8333
9.5000,27.13,0.987727,0.064370,29.1667,30.8333
9.5000,27.53,0.987597,0.065310,29.1667,30.8333
9.5000,27.93,0.987109,0.066249,29.1667,30.8333
9.5000,28.32,0.987836,0.067189,29.1667,30.8333
9.5000,28.72,0.983708,0.068128,29.1667,30.8333
9.5000,29.11,0.995249,0.069068,29.1667,30.8333
9.5000,29.51,0.921285,0.070008,29.1667,30.8333
9.5000,29.91,0.598989,0.070947,29.1667,30.8333
9.5000,30.30,0.894625,0.097333,29.1667,30.8333
9.5000,30.70,0.988821,0.098601,29.1667,30.8333
9.5000,31.09,0.969931,0.099870,29.1667,30.8333
9.5000,31.49,0.974815,0.101138,29.1667,30.8333
9.5000,31.89,0.972458,0.102407,29.1667,30.8333
9.5000,32.28,0.971946,0.103675,29.1667,30.8333
9.5000,32.68,0.970846,0.104943,29.1667,30.8333
9.5000,33.07,0.969819,0.106212,29.1667,30.8333
9.5000,33.47,0.968679,0.107480,29.1667,30.8333
9.5000,33.87,0.967472,0.108748,29.1667,30.8333
9.5000,34.26,0.966177,0.110016,29.1667,30.8333
9.5000,34.66,0.964795,0.111283,29.1667,30.8333
9.5000,35.05,0.963317,0.112551,29.1667,30.8333
9.5000,35.45,0.961738,0.113819,29.1667,30.8333
9.5000,35.85,0.960051,0.115087,29.1667,30.8333
9.5000,36.24,0.958248,0.116354,29.1667,30.8333
9.5000,36.64,0.956323,0.117622,29.1667,30.8333
9.5000,37.03,0.954258,0.118889,29.1667,30.8333
9.5000,37.43,0.952079,0.120156,29.1667,30.8333
9.5000,37.83,0.949645,0.121423,29.1667,30.8333
9.5000,38.22,0.947438,0.122691,29.1667,30.8333
9.5000,38.62,0.943564,0.123958,29.1667,30.8333
9.5000,39.01,0.945173,0.125225,29.1667,30.8333
9.5000,39.41,0.924413,0.126491,29.1667,30.8333
9.5000,39.81,0.828867,0.127758,29.1667,30.8333
9.5000,40.20,0.911954,0.132700,29.1667,30.8333
9.5000,40.60,0.927339,0.134002,29.1667,30.8333
9.5000,40.99,0.917760,0.135304,29.1667,30.8333
9.5000,41.39,0.914555,0.136606,29.1667,30.8333
9.5000,41.79,0.909172,0.137909,29.1667,30.8333
9.5000,42.18,0.903938,0.139211,29.1667,30.8333
9.5000,42.58,0.898182,0.140512,29.1667,30.8333
9.5000,42.97,0.892052,0.141814,29.1667,30.8333
9.5000,43.37,0.885470,0.143116,29.1667,30.8333
9.5000,43.77,0.878419,0.144418,29.1667,30.8333
9.5000,44.16,0.870863,0.145719,29.1667,30.8333
9.5000,44.56,0.862765,0.147020,29.1667,30.8333
9.5000,44.95,0.854100,0.148322,29.1667,30.8333
9.5000,45.35,0.844794,0.149623,29.1667,30.8333
9.5000,45.74,0.834956,0.150924,29.1667,30.8333
9.5000,46.14,0.823990,0.152225,29.1667,30.8333
9.5000,46.54,0.813979,0.153526,29.1667,30.8333
9.5000,46.93,0.796940,0.154827,29.1667,30.8333
9.5000,47.33,0.802907,0.156127,29.1667,30.8333
9.5000,47.72,0.724777,0.157428,29.1667,30.8333
9.5000,48.12,0.982567,0.158728,29.1667,30.8333
9.5000,48.52,0.528819,0.160029,29.1667,30.8333
9.5000,48.91,0.504306,0.161329,29.1667,30.8333
9.5000,49.31,0.500221,0.162629,29.1667,30.8333
9.5000,49.70,0.500004,0.163929,29.1667,30.8333
9.5000,50.10,0.500050,2.000000,29.1667,30.8333
9.5000,50.50,0.500781,2.000000,29.1667,30.8333
9.5000,50.89,0.505031,2.000000,29.1667,30.8333
9.5000,51.29,0.975401,2.000000,29.1667,30.8333
9.5000,51.68,0.545471,2.000000,29.1667,30.8333
9.5000,52.08,0.566247,2.000000,29.1667,30.8333
9.5000,52.48,0.550709,2.000000,29.1667,30.8333
9.5000,52.87,0.546331,2.000000,29.1667,30.8333
9.5000,53.27,0.540137,2.000000,29.1667,30.8333
9.5000,53.66,0.535013,2.000000,29.1667,30.8333
9.5000,54.06,0.530230,2.000000,29.1667,30.8333
9.5000,54.46,0.525920,2.000000,29.1667,30.8333
9.5000,54.85,0.522016,2.000000,29.1667,30.8333
9.5000,55.25,0.518502,2.000000,29.1667,30.8333
9.5000,55.64,0.515351,2.000000,29.1667,30.8333
9.5000,56.04,0.512553,2.000000,29.1667,30.8333
9.5000,56.44,0.510054,2.000000,29.1667,30.8333
9.5000,56.83,0.507939,2.000000,29.1667,30.8333
9.5000,57.23,0.505894,2.000000,29.1667,30.8333
9.5000,57.62,0.504765,2.000000,29.1667,30.8333
9.5000,58.02,0.502354,2.000000,29.1667,30.8333
9.5000,58.42,0.508875,2.000000,29.1667,30.8333
9.5000,58.81,0.500127,2.000000,29.1667,30.8333
9.5000,59.21,0.500012,2.000000,29.1667,30.8333
9.5000,59.60,0.500001,2.000000,29.1667,30.8333
9.5000,60.00,0.499999,2.000000,29.1667,30.8333
10.0000,1.00,0.499463,0.071545,28.3333,31.6667
10.0000,1.40,0.499997,0.099835,28.3333,31.6667
10.0000,1.79,0.500042,0.128075,28.3333,31.6667
10.0000,2.19,0.500052,0.156233,28.3333,31.6667
10.0000,2.58,0.500040,0.184297,28.3333,31.6667
10.0000,2.98,0.500041,0.212258,28.3333,31.6667
10.0000,3.38,0.500060,0.240108,28.3333,31.6667
10.0000,3.77,0.500103,0.267837,28.3333,31.6667
10.0000,4.17,0.500074,0.295437,28.3333,31.6667
10.0000,4.56,0.622238,0.322898,28.3333,31.6667
10.0000,4.96,0.500005,0.350213,28.3333,31.6667
10.0000,5.36,0.504558,0.127771,28.3333,31.6667
10.0000,5.75,0.504853,0.137171,28.3333,31.6667
10.0000,6.15,0.522150,0.146565,28.3333,31.6667
10.0000,6.54,0.512614,0.155952,28.3333,31.6667
10.0000,6.94,0.513076,0.165333,28.3333,31.6667
10.0000,7.34,0.510459,0.174706,28.3333,31.6667
10.0000,7.73,0.507807,0.184071,28.3333,31.6667
10.0000,8.13,0.504905,0.193429,28.3333,31.6667
10.0000,8.52,0.508795,0.202778,28.3333,31.6667
10.0000,8.92,0.502424,0.212119,28.3333,31.6667
10.0000,9.32,0.503387,0.221450,28.3333,31.6667
10.0000,9.71,0.500030,0.230772,28.3333,31.6667
10.0000,10.11,0.528138,0.030114,28.3333,31.6667
10.0000,10.50,0.662157,0.031294,28.3333,31.6667
10.0000,10.90,0.997371,0.032473,28.3333,31.6667
10.0000,11.30,0.941981,0.033653,28.3333,31.6667
10.0000,11.69,0.968794,0.034833,28.3333,31.6667
10.0000,12.09,0.965316,0.036012,28.3333,31.6667
10.0000,12.48,0.968754,0.037192,28.3333,31.6667
10.0000,12.88,0.970126,0.038372,28.3333,31.6667
10.0000,13.28,0.971788,0.039552,28.3333,31.6667
10.0000,13.67,0.973171,0.040732,28.3333,31.6667
10.0000,14.07,0.974446,0.041912,28.3333,31.6667
10.0000,14.46,0.975590,0.043091,28.3333,31.6667
10.0000,14.86,0.976626,0.044271,28.3333,31.6667
10.0000,15.26,0.977564,0.045451,28.3333,31.6667
10.0000,15.65,0.978414,0.046632,28.3333,31.6667
10.0000,16.05,0.979185,0.047812,28.3333,31.6667
10.0000,16.44,0.979883,0.048992,28.3333,31.6667
10.0000,16.84,0.980519,0.050172,28.3333,31.6667
10.0000,17.23,0.981078,0.051352,28.3333,31.6667
10.0000,17.63,0.981648,0.052532,28.3333,31.6667
10.0000,18.03,0.981924,0.053713,28.3333,31.6667
10.0000,18.42,0.983032,0.054893,28.3333,31.6667
10.0000,18.82,0.980829,0.056073,28.3333,31.6667
10.0000,19.21,0.989690,0.057254,28.3333,31.6667
10.0000,19.61,0.992252,0.058434,28.3333,31.6667
10.0000,20.01,0.991049,0.056427,28.3333,31.6667
10.0000,20.40,0.983666,0.057544,28.3333,31.6667
10.0000,20.80,0.986074,0.058661,28.3333,31.6667
10.0000,21.19,0.985652,0.059778,28.3333,31.6667
10.0000,21.59,0.985926,0.060895,28.3333,31.6667
10.0000,21.99,0.985980,0.062012,28.3333,31.6667
10.0000,22.38,0.986058,0.063129,28.3333,31.6667
10.0000,22.78,0.986097,0.064247,28.3333,31.6667
10.0000,23.17,0.986114,0.065364,28.3333,31.6667
10.0000,23.57,0.986105,0.066481,28.3333,31.6667
10.0000,23.97,0.986071,0.067598,28.3333,31.6667
10.0000,24.36,0.986012,0.068715,28.3333,31.6667
10.0000,24.76,0.985929,0.069832,28.3333,31.6667
10.0000,25.15,0.985820,0.070949,28.3333,31.6667
10.0000,25.55,0.985687,0.072066,28.3333,31.6667
10.0000,25.95,0.985528,0.073183,28.3333,31.6667
10.0000,26.34,0.985345,0.074300,28.3333,31.6667
10.0000,26.74,0.985129,0.075417,28.3333,31.6667
10.0000,27.13,0.984909,0.076533,28.3333,31.6667
10.0000,27.53,0.984576,0.077650,28.3333,31.6667
10.0000,27.93,0.984532,0.078767,28.3333,31.6667
10.0000,28.32,0.983258,0.079884,28.3333,31.6667
10.0000,28.72,0.986343,0.081001,28.3333,31.6667
10.0000,29.11,0.971245,0.082118,28.3333,31.6667
10.0000,29.51,0.998407,0.083234,28.3333,31.6667
10.0000,29.91,0.666865,0.084351,28.3333,31.6667
10.0000,30.30,0.997752,0.065356,28.3333,31.6667
10.0000,30.70,0.978172,0.066208,28.3333,31.6667
10.0000,31.09,0.989516,0.067061,28.3333,31.6667
10.0000,31.49,0.986324,0.067914,28.3333,31.6667
10.0000,31.89,0.986652,0.068766,28.3333,31.6667
10.0000,32.28,0.985951,0.069619,28.3333,31.6667
10.0000,32.68,0.985483,0.070472,28.3333,31.6667
10.0000,33.07,0.984904,0.071324,28.3333,31.6667
10.0000,33.47,0.984304,0.072177,28.3333,31.6667
10.0000,33.87,0.983656,0.073030,28.3333,31.6667
10.0000,34.26,0.982964,0.073882,28.3333,31.6667
10.0000,34.66,0.982223,0.074735,28.3333,31.6667
10.0000,35.05,0.981431,0.075587,28.3333,31.6667
10.0000,35.45,0.980583,0.076440,28.3333,31.6667
10.0000,35.85,0.979679,0.077292,28.3333,31.6667
10.0000,36.24,0.978702,0.078145,28.3333,31.6667
10.0000,36.64,0.977698,0.078997,28.3333,31.6667
10.0000,37.03,0.976464,0.079850,28.3333,31.6667
10.0000,37.43,0.975757,0.080702,28.3333,31.6667
10.0000,37.83,0.972634,0.081554,28.3333,31.6667
10.0000,38.22,0.978085,0.082407,28.3333,31.6667
10.0000,38.62,0.946887,0.083259,28.3333,31.6667
10.0000,39.01,0.992568,0.084111,28.3333,31.6667
10.0000,39.41,0.634300,0.084964,28.3333,31.6667
10.0000,39.81,0.504941,0.085816,28.3333,31.6667
10.0000,40.20,0.513309,0.213164,28.3333,31.6667
10.0000,40.60,0.996678,0.215246,28.3333,31.6667
10.0000,40.99,0.626531,0.217327,28.3333,31.6667
10.0000,41.39,0.683687,0.219408,28.3333,31.6667
10.0000,41.79,0.659673,0.221489,28.3333,31.6667
10.0000,42.18,0.659625,0.223569,28.3333,31.6667
10.0000,42.58,0.653522,0.225649,28.3333,31.6667
10.0000,42.97,0.648949,0.227728,28.3333,31.6667
10.0000,43.37,0.643924,0.229807,28.3333,31.6667
10.0000,43.77,0.638958,0.231885,28.3333,31.6667
10.0000,44.16,0.633920,0.233963,28.3333,31.6667
10.0000,44.56,0.628844,0.236041,28.3333,31.6667
10.0000,44.95,0.623726,0.238118,28.3333,31.6667
10.0000,45.35,0.618546,0.240194,28.3333,31.6667
10.0000,45.74,0.613392,0.242270,28.3333,31.6667
10.0000,46.14,0.607949,0.244346,28.3333,31.6667
10.0000,46.54,0.603334,0.246421,28.3333,31.6667
10.0000,46.93,0.595623,0.248495,28.3333,31.6667
10.0000,47.33,0.599006,0.250569,28.3333,31.6667
10.0000,47.72,0.567303,0.252643,28.3333,31.6667
10.0000,48.12,0.769208,0.254716,28.3333,31.6667
10.0000,48.52,0.508670,0.256788,28.3333,31.6667
10.0000,48.91,0.501650,0.258860,28.3333,31.6667
10.0000,49.31,0.500080,0.260932,28.3333,31.6667
10.0000,49.70,0.500002,0.263003,28.3333,31.6667
10.0000,50.10,0.500065,1.723662,28.3333,31.6667
10.0000,50.50,0.501438,1.728905,28.3333,31.6667
10.0000,50.89,0.503844,1.734056,28.3333,31.6667
10.0000,51.29,0.543751,1.739115,28.3333,31.6667
10.0000,51.68,0.514308,1.744085,28.3333,31.6667
10.0000,52.08,0.516390,1.748966,28.3333,31.6667
10.0000,52.48,0.513899,1.753760,28.3333,31.6667
10.0000,52.87,0.512734,1.758469,28.3333,31.6667
10.0000,53.27,0.511348,1.763093,28.3333,31.6667
10.0000,53.66,0.510110,1.767633,28.3333,31.6667
10.0000,54.06,0.508928,1.772092,28.3333,31.6667
10.0000,54.46,0.507823,1.776470,28.3333,31.6667
10.0000,54.85,0.506789,1.780769,28.3333,31.6667
10.0000,55.25,0.505828,1.784990,28.3333,31.6667
10.0000,55.64,0.504937,1.789134,28.3333,31.6667
10.0000,56.04,0.504120,1.793203,28.3333,31.6667
10.0000,56.44,0.503370,1.797197,28.3333,31.6667
10.0000,56.83,0.502707,1.801118,28.3333,31.6667
10.0000,57.23,0.502073,1.804967,28.3333,31.6667
10.0000,57.62,0.501640,1.808746,28.3333,31.6667
10.0000,58.02,0.500949,1.812455,28.3333,31.6667
10.0000,58.42,0.501542,1.816095,28.3333,31.6667
10.0000,58.81,0.500090,1.819668,28.3333,31.6667
10.0000,59.21,0.500017,1.823175,28.3333,31.6667
10.0000,59.60,0.500001,1.826617,28.3333,31.6667
10.0000,60.00,0.499999,1.829995,28.3333,31.6667
10.5000,1.00,0.499569,0.087853,27.5000,32.5000
10.5000,1.40,0.499999,0.122565,27.5000,32.5000
10.5000,1.79,0.500024,0.157194,27.5000,32.5000
10.5000,2.19,0.500011,0.191692,27.5000,32.5000
10.5000,2.58,0.500022,0.226040,27.5000,32.5000
10.5000,2.98,0.500036,0.260221,27.5000,32.5000
10.5000,3.38,0.500051,0.294216,27.5000,32.5000
10.5000,3.77,0.500091,0.328009,27.5000,32.5000
10.5000,4.17,0.500059,0.361582,27.5000,32.5000
10.5000,4.56,0.502423,0.394920,27.5000,32.5000
10.5000,4.96,0.500003,0.428007,27.5000,32.5000
10.5000,5.36,0.502448,0.097441,27.5000,32.5000
10.5000,5.75,0.507919,0.104623,27.5000,32.5000
10.5000,6.15,0.594874,0.111803,27.5000,32.5000
10.5000,6.54,0.539318,0.118980,27.5000,32.5000
10.5000,6.94,0.550845,0.126155,27.5000,32.5000
10.5000,7.34,0.548569,0.133327,27.5000,32.5000
10.5000,7.73,0.550795,0.140495,27.5000,32.5000
10.5000,8.13,0.545088,0.147661,27.5000,32.5000
10.5000,8.52,0.564044,0.154823,27.5000,32.5000
10.5000,8.92,0.517935,0.161981,27.5000,32.5000
10.5000,9.32,0.525426,0.169136,27.5000,32.5000
10.5000,9.71,0.500161,0.176287,27.5000,32.5000
10.5000,10.11,0.562322,0.029959,27.5000,32.5000
10.5000,10.50,0.730081,0.031133,27.5000,32.5000
10.5000,10.90,0.992757,0.032307,27.5000,32.5000
10.5000,11.30,0.946260,0.033480,27.5000,32.5000
10.5000,11.69,0.965288,0.034654,27.5000,32.5000
10.5000,12.09,0.963464,0.035828,27.5000,32.5000
10.5000,12.48,0.966449,0.037002,27.5000,32.5000
10.5000,12.88,0.967933,0.038176,27.5000,32.5000
10.5000,13.28,0.969575,0.039350,27.5000,32.5000
10.5000,13.67,0.970979,0.040524,27.5000,32.5000
10.5000,14.07,0.972268,0.041698,27.5000,32.5000
10.5000,14.46,0.973429,0.042872,27.5000,32.5000
10.5000,14.86,0.974483,0.044046,27.5000,32.5000
10.5000,15.26,0.975439,0.045220,27.5000,32.5000
10.5000,15.65,0.976306,0.046395,27.5000,32.5000
10.5000,16.05,0.977089,0.047569,27.5000,32.5000
10.5000,16.44,0.977810,0.048743,27.5000,32.5000
10.5000,16.84,0.978424,0.049918,27.5000,32.5000
10.5000,17.23,0.979117,0.051092,27.5000,32.5000
10.5000,17.63,0.979234,0.052266,27.5000,32.5000
10.5000,18.03,0.981172,0.053441,27.5000,32.5000
10.5000,18.42,0.975982,0.054615,27.5000,32.5000
10.5000,18.82,0.993238,0.055790,27.5000,32.5000
10.5000,19.21,0.895428,0.056964,27.5000,32.5000
10.5000,19.61,0.574050,0.058139,27.5000,32.5000
10.5000,20.01,0.864075,0.084322,27.5000,32.5000
10.5000,20.40,0.984096,0.085991,27.5000,32.5000
10.5000,20.80,0.960301,0.087660,27.5000,32.5000
10.5000,21.19,0.967697,0.089329,27.5000,32.5000
10.5000,21.59,0.965888,0.090997,27.5000,32.5000
10.5000,21.99,0.966409,0.092666,27.5000,32.5000
10.5000,22.38,0.966237,0.094334,27.5000,32.5000
10.5000,22.78,0.966182,0.096003,27.5000,32.5000
10.5000,23.17,0.966027,0.097671,27.5000,32.5000
10.5000,23.57,0.965829,0.099339,27.5000,32.5000
10.5000,23.97,0.965573,0.101007,27.5000,32.5000
10.5000,24.36,0.965261,0.102675,27.5000,32.5000
10.5000,24.76,0.964890,0.104343,27.5000,32.5000
10.5000,25.15,0.964461,0.106011,27.5000,32.5000
10.5000,25.55,0.963970,0.107679,27.5000,32.5000
10.5000,25.95,0.963415,0.109346,27.5000,32.5000
10.5000,26.34,0.962801,0.111014,27.5000,32.5000
10.5000,26.74,0.962088,0.112681,27.5000,32.5000
10.5000,27.13,0.961416,0.114348,27.5000,32.5000
10.5000,27.53,0.960245,0.116015,27.5000,32.5000
10.5000,27.93,0.960586,0.117682,27.5000,32.5000
10.5000,28.32,0.954767,0.119349,27.5000,32.5000
10.5000,28.72,0.970803,0.121016,27.5000,32.5000
10.5000,29.11,0.893877,0.122683,27.5000,32.5000
10.5000,29.51,0.907042,0.124349,27.5000,32.5000
10.5000,29.91,0.517804,0.126015,27.5000,32.5000
10.5000,30.30,0.926290,0.069461,27.5000,32.5000
10.5000,30.70,0.949108,0.070367,27.5000,32.5000
10.5000,31.09,0.990096,0.071273,27.5000,32.5000
10.5000,31.49,0.981224,0.072179,27.5000,32.5000
10.5000,31.89,0.983164,0.073085,27.5000,32.5000
10.5000,32.28,0.981888,0.073991,27.5000,32.5000
10.5000,32.68,0.981413,0.074898,27.5000,32.5000
10.5000,33.07,0.980656,0.075804,27.5000,32.5000
10.5000,33.47,0.979909,0.076710,27.5000,32.5000
10.5000,33.87,0.979088,0.077616,27.5000,32.5000
10.5000,34.26,0.978213,0.078522,27.5000,32.5000
10.5000,34.66,0.977272,0.079428,27.5000,32.5000
10.5000,35.05,0.976264,0.080333,27.5000,32.5000
10.5000,35.45,0.975182,0.081239,27.5000,32.5000
10.5000,35.85,0.974028,0.082145,27.5000,32.5000
10.5000,36.24,0.972768,0.083051,27.5000,32.5000
10.5000,36.64,0.971506,0.083957,27.5000,32.5000
10.5000,37.03,0.969816,0.084863,27.5000,32.5000
10.5000,37.43,0.969288,0.085769,27.5000,32.5000
10.5000,37.83,0.963741,0.086674,27.5000,32.5000
10.5000,38.22,0.975986,0.087580,27.5000,32.5000
10.5000,38.62,0.910107,0.088486,27.5000,32.5000
10.5000,39.01,0.926104,0.089391,27.5000,32.5000
10.5000,39.41,0.551716,0.090297,27.5000,32.5000
10.5000,39.81,0.501399,0.091203,27.5000,32.5000
10.5000,40.20,0.504437,0.336215,27.5000,32.5000
10.5000,40.60,0.874200,0.339460,27.5000,32.5000
10.5000,40.99,0.570501,0.342703,27.5000,32.5000
10.5000,41.39,0.629562,0.345945,27.5000,32.5000
10.5000,41.79,0.604392,0.349185,27.5000,32.5000
10.5000,42.18,0.606178,0.352423,27.5000,32.5000
10.5000,42.58,0.601449,0.355659,27.5000,32.5000
10.5000,42.97,0.598418,0.358894,27.5000,32.5000
10.5000,43.37,0.594932,0.362126,27.5000,32.5000
10.5000,43.77,0.591546,0.365357,27.5000,32.5000
10.5000,44.16,0.588113,0.368585,27.5000,32.5000
10.5000,44.56,0.584671,0.371812,27.5000,32.5000
10.5000,44.95,0.581212,0.375037,27.5000,32.5000
10.5000,45.35,0.577723,0.378260,27.5000,32.5000
10.5000,45.74,0.574255,0.381481,27.5000,32.5000
10.5000,46.14,0.570623,0.384700,27.5000,32.5000
10.5000,46.54,0.567483,0.387917,27.5000,32.5000
10.5000,46.93,0.562528,0.391132,27.5000,32.5000
10.5000,47.33,0.564048,0.394345,27.5000,32.5000
10.5000,47.72,0.544995,0.397556,27.5000,32.5000
10.5000,48.12,0.658057,0.400765,27.5000,32.5000
10.5000,48.52,0.506734,0.403972,27.5000,32.5000
10.5000,48.91,0.501515,0.407176,27.5000,32.5000
10.5000,49.31,0.500068,0.410379,27.5000,32.5000
10.5000,49.70,0.500001,0.413580,27.5000,32.5000
10.5000,50.10,0.500059,1.999973,27.5000,32.5000
10.5000,50.50,0.500953,1.999975,27.5000,32.5000
10.5000,50.89,0.505453,1.999978,27.5000,32.5000
10.5000,51.29,0.862265,1.999980,27.5000,32.5000
10.5000,51.68,0.540912,1.999981,27.5000,32.5000
10.5000,52.08,0.555813,1.999983,27.5000,32.5000
10.5000,52.48,0.543561,1.999985,27.5000,32.5000
10.5000,52.87,0.539565,1.999986,27.5000,32.5000
10.5000,53.27,0.534295,1.999987,27.5000,32.5000
10.5000,53.66,0.529876,1.999988,27.5000,32.5000
10.5000,54.06,0.525769,1.999989,27.5000,32.5000
10.5000,54.46,0.522067,1.999990,27.5000,32.5000
10.5000,54.85,0.518717,1.999991,27.5000,32.5000
10.5000,55.25,0.515705,1.999992,27.5000,32.5000
10.5000,55.64,0.513008,1.999993,27.5000,32.5000
10.5000,56.04,0.510616,1.999993,27.5000,32.5000
10.5000,56.44,0.508486,1.999994,27.5000,32.5000
10.5000,56.83,0.506677,1.999995,27.5000,32.5000
10.5000,57.23,0.504964,1.999995,27.5000,32.5000
10.5000,57.62,0.503934,1.999995,27.5000,32.5000
10.5000,58.02,0.502044,1.999996,27.5000,32.5000
10.5000,58.42,0.505230,1.999996,27.5000,32.5000
10.5000,58.81,0.500131,1.999997,27.5000,32.5000
10.5000,59.21,0.500015,1.999997,27.5000,32.5000
10.5000,59.60,0.500001,1.999997,27.5000,32.5000
10.5000,60.00,0.499999,1.999997,27.5000,32.5000
11.0000,1.00,0.498862,0.054614,26.6667,33.3333
11.0000,1.40,0.500002,0.076222,26.6667,33.3333
11.0000,1.79,0.500200,0.097809,26.6667,33.3333
11.0000,2.19,0.500206,0.119361,26.6667,33.3333
11.0000,2.58,0.500321,0.140874,26.6667,33.3333
11.0000,2.98,0.500316,0.162344,26.6667,33.3333
11.0000,3.38,0.500192,0.183766,26.6667,33.3333
11.0000,3.77,0.500195,0.205136,26.6667,33.3333
11.0000,4.17,0.500142,0.226449,26.6667,33.3333
11.0000,4.56,0.691306,0.247701,26.6667,33.3333
11.0000,4.96,0.500010,0.268889,26.6667,33.3333
11.0000,5.36,0.514716,0.101006,26.6667,33.3333
11.0000,5.75,0.511681,0.108454,26.6667,33.3333
11.0000,6.15,0.545962,0.115900,26.6667,33.3333
11.0000,6.54,0.531466,0.123342,26.6667,33.3333
11.0000,6.94,0.536247,0.130783,26.6667,33.3333
11.0000,7.34,0.535395,0.138220,26.6667,33.3333
11.0000,7.73,0.536315,0.145654,26.6667,33.3333
11.0000,8.13,0.531804,0.153085,26.6667,33.3333
11.0000,8.52,0.544273,0.160512,26.6667,33.3333
11.0000,8.92,0.512000,0.167936,26.6667,33.3333
11.0000,9.32,0.517630,0.175356,26.6667,33.3333
11.0000,9.71,0.500096,0.182771,26.6667,33.3333
11.0000,10.11,0.554465,0.027474,26.6667,33.3333
11.0000,10.50,0.699894,0.028550,26.6667,33.3333
11.0000,10.90,0.986986,0.029627,26.6667,33.3333
11.0000,11.30,0.926424,0.030703,26.6667,33.3333
11.0000,11.69,0.950129,0.031780,26.6667,33.3333
11.0000,12.09,0.948187,0.032857,26.6667,33.3333
11.0000,12.48,0.952213,0.033934,26.6667,33.3333
11.0000,12.88,0.954344,0.035010,26.6667,33.3333
11.0000,13.28,0.956649,0.036087,26.6667,33.3333
11.0000,13.67,0.958635,0.037164,26.6667,33.3333
11.0000,14.07,0.960458,0.038241,26.6667,33.3333
11.0000,14.46,0.962106,0.039318,26.6667,33.3333
11.0000,14.86,0.963603,0.040395,26.6667,33.3333
11.0000,15.26,0.964962,0.041472,26.6667,33.3333
11.0000,15.65,0.966200,0.042550,26.6667,33.3333
11.0000,16.05,0.967312,0.043627,26.6667,33.3333
11.0000,16.44,0.968363,0.044704,26.6667,33.3333
11.0000,16.84,0.969167,0.045781,26.6667,33.3333
11.0000,17.23,0.970437,0.046859,26.6667,33.3333
11.0000,17.63,0.969599,0.047936,26.6667,33.3333
11.0000,18.03,0.975905,0.049013,26.6667,33.3333
11.0000,18.42,0.953633,0.050091,26.6667,33.3333
11.0000,18.82,0.997775,0.051168,26.6667,33.3333
11.0000,19.21,0.686871,0.052246,26.6667,33.3333
11.0000,19.61,0.508621,0.053323,26.6667,33.3333
11.0000,20.01,0.587638,0.136494,26.6667,33.3333
11.0000,20.40,0.979886,0.139192,26.6667,33.3333
11.0000,20.80,0.822274,0.141888,26.6667,33.3333
11.0000,21.19,0.865481,0.144585,26.6667,33.3333
11.0000,21.59,0.849812,0.147281,26.6667,33.3333
11.0000,21.99,0.849746,0.149977,26.6667,33.3333
11.0000,22.38,0.844884,0.152672,26.6667,33.3333
11.0000,22.78,0.840677,0.155367,26.6667,33.3333
11.0000,23.17,0.835569,0.158061,26.6667,33.3333
11.0000,23.57,0.829890,0.160754,26.6667,33.3333
11.0000,23.97,0.823438,0.163448,26.6667,33.3333
11.0000,24.36,0.816133,0.166140,26.6667,33.3333
11.0000,24.76,0.807833,0.168833,26.6667,33.3333
11.0000,25.15,0.798373,0.171524,26.6667,33.3333
11.0000,25.55,0.787550,0.174215,26.6667,33.3333
11.0000,25.95,0.775090,0.176906,26.6667,33.3333
11.0000,26.34,0.760717,0.179596,26.6667,33.3333
11.0000,26.74,0.743788,0.182285,26.6667,33.3333
11.0000,27.13,0.724527,0.184974,26.6667,33.3333
11.0000,27.53,0.699286,0.187662,26.6667,33.3333
11.0000,27.93,0.681445,0.190350,26.6667,33.3333
11.0000,28.32,0.659675,0.193037,26.6667,33.3333
11.0000,28.72,0.762131,0.195723,26.6667,33.3333
11.0000,29.11,0.555536,0.198408,26.6667,33.3333
11.0000,29.51,0.527691,0.201093,26.6667,33.3333
11.0000,29.91,0.500374,0.203778,26.6667,33.3333
11.0000,30.30,0.695470,0.063014,26.6667,33.3333
11.0000,30.70,0.869243,0.063836,26.6667,33.3333
11.0000,31.09,0.994023,0.064658,26.6667,33.3333
11.0000,31.49,0.972418,0.065481,26.6667,33.3333
11.0000,31.89,0.978906,0.066303,26.6667,33.3333
11.0000,32.28,0.976416,0.067125,26.6667,33.3333
11.0000,32.68,0.976198,0.067947,26.6667,33.3333
11.0000,33.07,0.975276,0.068769,26.6667,33.3333
11.0000,33.47,0.974460,0.069591,26.6667,33.3333
11.0000,33.87,0.973525,0.070413,26.6667,33.3333
11.0000,34.26,0.972525,0.071235,26.6667,33.3333
11.0000,34.66,0.971440,0.072057,26.6667,33.3333
11.0000,35.05,0.970270,0.072879,26.6667,33.3333
11.0000,35.45,0.969002,0.073701,26.6667,33.3333
11.0000,35.85,0.967647,0.074523,26.6667,33.3333
11.0000,36.24,0.966130,0.075345,26.6667,33.3333
11.0000,36.64,0.964706,0.076167,26.6667,33.3333
11.0000,37.03,0.962350,0.076989,26.6667,33.3333
11.0000,37.43,0.962923,0.077811,26.6667,33.3333
11.0000,37.83,0.951345,0.078633,26.6667,33.3333
11.0000,38.22,0.981346,0.079455,26.6667,33.3333
11.0000,38.62,0.824583,0.080277,26.6667,33.3333
11.0000,39.01,0.693674,0.081099,26.6667,33.3333
11.0000,39.41,0.512289,0.081921,26.6667,33.3333
11.0000,39.81,0.500279,0.082743,26.6667,33.3333
11.0000,40.20,0.500898,0.625209,26.6667,33.3333
11.0000,40.60,0.559135,0.630945,26.6667,33.3333
11.0000,40.99,0.524089,0.636670,26.6667,33.3333
11.0000,41.39,0.565866,0.642384,26.6667,33.3333
11.0000,41.79,0.546004,0.648086,26.6667,33.3333
11.0000,42.18,0.548404,0.653777,26.6667,33.3333
11.0000,42.58,0.545795,0.659456,26.6667,33.3333
11.0000,42.97,0.544533,0.665123,26.6667,33.3333
11.0000,43.37,0.542933,0.670779,26.6667,33.3333
11.0000,43.77,0.541426,0.676423,26.6667,33.3333
11.0000,44.16,0.539897,0.682054,26.6667,33.3333
11.0000,44.56,0.538373,0.687674,26.6667,33.3333
11.0000,44.95,0.536846,0.693281,26.6667,33.3333
11.0000,45.35,0.535312,0.698877,26.6667,33.3333
11.0000,45.74,0.533784,0.704460,26.6667,33.3333
11.0000,46.14,0.532207,0.710031,26.6667,33.3333
11.0000,46.54,0.530764,0.715589,26.6667,33.3333
11.0000,46.93,0.528810,0.721135,26.6667,33.3333
11.0000,47.33,0.528642,0.726668,26.6667,33.3333
11.0000,47.72,0.522543,0.732189,26.6667,33.3333
11.0000,48.12,0.545405,0.737697,26.6667,33.3333
11.0000,48.52,0.505573,0.743193,26.6667,33.3333
11.0000,48.91,0.502578,0.748675,26.6667,33.3333
11.0000,49.31,0.500084,0.754145,26.6667,33.3333
11.0000,49.70,0.500002,0.759601,26.6667,33.3333
11.0000,50.10,0.500075,2.000000,26.6667,33.3333
11.0000,50.50,0.501306,2.000000,26.6667,33.3333
11.0000,50.89,0.505900,2.000000,26.6667,33.3333
11.0000,51.29,0.684813,2.000000,26.6667,33.3333
11.0000,51.68,0.532693,2.000000,26.6667,33.3333
11.0000,52.08,0.540611,2.000000,26.6667,33.3333
11.0000,52.48,0.532506,2.000000,26.6667,33.3333
11.0000,52.87,0.529234,2.000000,26.6667,33.3333
11.0000,53.27,0.525315,2.000000,26.6667,33.3333
11.0000,53.66,0.521972,2.000000,26.6667,33.3333
11.0000,54.06,0.518888,2.000000,26.6667,33.3333
11.0000,54.46,0.516112,2.000000,26.6667,33.3333
11.0000,54.85,0.513610,2.000000,26.6667,33.3333
11.0000,55.25,0.511369,2.000000,26.6667,33.3333
11.0000,55.64,0.509371,2.000000,26.6667,33.3333
11.0000,56.04,0.507605,2.000000,26.6667,33.3333
11.0000,56.44,0.506047,2.000000,26.6667,33.3333
11.0000,56.83,0.504719,2.000000,26.6667,33.3333
11.0000,57.23,0.503507,2.000000,26.6667,33.3333
11.0000,57.62,0.502685,2.000000,26.6667,33.3333
11.0000,58.02,0.501510,2.000000,26.6667,33.3333
11.0000,58.42,0.502277,2.000000,26.6667,33.3333
11.0000,58.81,0.500136,2.000000,26.6667,33.3333
11.0000,59.21,0.500025,2.000000,26.6667,33.3333
11.0000,59.60,0.500000,2.000000,26.6667,33.3333
11.0000,60.00,0.499998,2.000000,26.6667,33.3333
11.5000,1.00,0.499977,0.090686,25.8333,34.1667
11.5000,1.40,0.500003,0.126513,25.8333,34.1667
11.5000,1.79,0.500015,0.162251,25.8333,34.1667
11.5000,2.19,0.500007,0.197861,25.8333,34.1667
11.5000,2.58,0.500015,0.233319,25.8333,34.1667
11.5000,2.98,0.500024,0.268606,25.8333,34.1667
11.5000,3.38,0.500034,0.303701,25.8333,34.1667
11.5000,3.77,0.500062,0.338585,25.8333,34.1667
11.5000,4.17,0.500039,0.373238,25.8333,34.1667
11.5000,4.56,0.500925,0.407643,25.8333,34.1667
11.5000,4.96,0.500002,0.441780,25.8333,34.1667
11.5000,5.36,0.501645,0.073645,25.8333,34.1667
11.5000,5.75,0.507943,0.079081,25.8333,34.1667
11.5000,6.15,0.678965,0.084516,25.8333,34.1667
11.5000,6.54,0.555504,0.089951,25.8333,34.1667
11.5000,6.94,0.578507,0.095385,25.8333,34.1667
11.5000,7.34,0.576324,0.100819,25.8333,34.1667
11.5000,7.73,0.583117,0.106251,25.8333,34.1667
11.5000,8.13,0.578895,0.111682,25.8333,34.1667
11.5000,8.52,0.610488,0.117112,25.8333,34.1667
11.5000,8.92,0.541330,0.122541,25.8333,34.1667
11.5000,9.32,0.588260,0.127969,25.8333,34.1667
11.5000,9.71,0.500627,0.133395,25.8333,34.1667
11.5000,10.11,0.591190,0.028155,25.8333,34.1667
11.5000,10.50,0.732087,0.029259,25.8333,34.1667
11.5000,10.90,0.974600,0.030362,25.8333,34.1667
11.5000,11.30,0.920169,0.031465,25.8333,34.1667
11.5000,11.69,0.939964,0.032569,25.8333,34.1667
11.5000,12.09,0.938269,0.033672,25.8333,34.1667
11.5000,12.48,0.941676,0.034776,25.8333,34.1667
11.5000,12.88,0.943429,0.035880,25.8333,34.1667
11.5000,13.28,0.945326,0.036983,25.8333,34.1667
11.5000,13.67,0.946929,0.038087,25.8333,34.1667
11.5000,14.07,0.948379,0.039191,25.8333,34.1667
11.5000,14.46,0.949661,0.040295,25.8333,34.1667
11.5000,14.86,0.950797,0.041398,25.8333,34.1667
11.5000,15.26,0.951795,0.042502,25.8333,34.1667
11.5000,15.65,0.952677,0.043606,25.8333,34.1667
11.5000,16.05,0.953412,0.044710,25.8333,34.1667
11.5000,16.44,0.954147,0.045814,25.8333,34.1667
11.5000,16.84,0.954381,0.046918,25.8333,34.1667
11.5000,17.23,0.955983,0.048023,25.8333,34.1667
11.5000,17.63,0.952031,0.049127,25.8333,34.1667
11.5000,18.03,0.967465,0.050231,25.8333,34.1667
11.5000,18.42,0.903321,0.051335,25.8333,34.1667
11.5000,18.82,0.943323,0.052439,25.8333,34.1667
11.5000,19.21,0.557231,0.053544,25.8333,34.1667
11.5000,19.61,0.501628,0.054648,25.8333,34.1667
11.5000,20.01,0.503468,0.200679,25.8333,34.1667
11.5000,20.40,0.964368,0.204631,25.8333,34.1667
11.5000,20.80,0.540443,0.208582,25.8333,34.1667
11.5000,21.19,0.567512,0.212531,25.8333,34.1667
11.5000,21.59,0.558796,0.216479,25.8333,34.1667
11.5000,21.99,0.561542,0.220425,25.8333,34.1667
11.5000,22.38,0.561357,0.224370,25.8333,34.1667
11.5000,22.78,0.561952,0.228313,25.8333,34.1667
11.5000,23.17,0.562317,0.232254,25.8333,34.1667
11.5000,23.57,0.562721,0.236193,25.8333,34.1667
11.5000,23.97,0.563092,0.240131,25.8333,34.1667
11.5000,24.36,0.563446,0.244067,25.8333,34.1667
11.5000,24.76,0.563778,0.248002,25.8333,34.1667
11.5000,25.15,0.564088,0.251934,25.8333,34.1667
11.5000,25.55,0.564377,0.255865,25.8333,34.1667
11.5000,25.95,0.564634,0.259793,25.8333,34.1667
11.5000,26.34,0.564893,0.263720,25.8333,34.1667
11.5000,26.74,0.565028,0.267645,25.8333,34.1667
11.5000,27.13,0.565499,0.271568,25.8333,34.1667
11.5000,27.53,0.564595,0.275489,25.8333,34.1667
11.5000,27.93,0.568803,0.279407,25.8333,34.1667
11.5000,28.32,0.555301,0.283324,25.8333,34.1667
11.5000,28.72,0.641683,0.287238,25.8333,34.1667
11.5000,29.11,0.512609,0.291151,25.8333,34.1667
11.5000,29.51,0.504096,0.295061,25.8333,34.1667
11.5000,29.91,0.500060,0.298969,25.8333,34.1667
11.5000,30.30,0.540835,0.065252,25.8333,34.1667
11.5000,30.70,0.689356,0.066103,25.8333,34.1667
11.5000,31.09,0.998786,0.066955,25.8333,34.1667
11.5000,31.49,0.936828,0.067806,25.8333,34.1667
11.5000,31.89,0.959875,0.068657,25.8333,34.1667
11.5000,32.28,0.952327,0.069509,25.8333,34.1667
11.5000,32.68,0.952529,0.070360,25.8333,34.1667
11.5000,33.07,0.950366,0.071211,25.8333,34.1667
11.5000,33.47,0.948604,0.072063,25.8333,34.1667
11.5000,33.87,0.946464,0.072914,25.8333,34.1667
11.5000,34.26,0.944131,0.073765,25.8333,34.1667
11.5000,34.66,0.941522,0.074616,25.8333,34.1667
11.5000,35.05,0.938623,0.075468,25.8333,34.1667
11.5000,35.45,0.935374,0.076319,25.8333,34.1667
11.5000,35.85,0.931803,0.077170,25.8333,34.1667
11.5000,36.24,0.927572,0.078021,25.8333,34.1667
11.5000,36.64,0.923705,0.078872,25.8333,34.1667
11.5000,37.03,0.915887,0.079723,25.8333,34.1667
11.5000,37.43,0.920358,0.080575,25.8333,34.1667
11.5000,37.83,0.872896,0.081426,25.8333,34.1667
11.5000,38.22,0.993026,0.082277,25.8333,34.1667
11.5000,38.62,0.596112,0.083128,25.8333,34.1667
11.5000,39.01,0.516911,0.083979,25.8333,34.1667
11.5000,39.41,0.500884,0.084830,25.8333,34.1667
11.5000,39.81,0.500017,0.085681,25.8333,34.1667
11.5000,40.20,0.500054,1.078391,25.8333,34.1667
11.5000,40.60,0.501814,1.086777,25.8333,34.1667
11.5000,40.99,0.501811,1.095109,25.8333,34.1667
11.5000,41.39,0.507744,1.103388,25.8333,34.1667
11.5000,41.79,0.503635,1.111613,25.8333,34.1667
11.5000,42.18,0.503388,1.119785,25.8333,34.1667
11.5000,42.58,0.502542,1.127903,25.8333,34.1667
11.5000,42.97,0.501884,1.135966,25.8333,34.1667
11.5000,43.37,0.501237,1.143977,25.8333,34.1667
11.5000,43.77,0.500637,1.151933,25.8333,34.1667
11.5000,44.16,0.500077,1.159835,25.8333,34.1667
11.5000,44.56,0.499558,1.167684,25.8333,34.1667
11.5000,44.95,0.499080,1.175479,25.8333,34.1667
11.5000,45.35,0.498645,1.183219,25.8333,34.1667
11.5000,45.74,0.498252,1.190907,25.8333,34.1667
11.5000,46.14,0.497901,1.198540,25.8333,34.1667
11.5000,46.54,0.497597,1.206119,25.8333,34.1667
11.5000,46.93,0.497323,1.213645,25.8333,34.1667
11.5000,47.33,0.497153,1.221117,25.8333,34.1667
11.5000,47.72,0.496789,1.228536,25.8333,34.1667
11.5000,48.12,0.497336,1.235900,25.8333,34.1667
11.5000,48.52,0.492382,1.243212,25.8333,34.1667
11.5000,48.91,0.499379,1.250470,25.8333,34.1667
11.5000,49.31,0.499782,1.257674,25.8333,34.1667
11.5000,49.70,0.499997,1.264826,25.8333,34.1667
11.5000,50.10,0.499813,0.868121,25.8333,34.1667
11.5000,50.50,0.499413,0.874077,25.8333,34.1667
11.5000,50.89,0.490355,0.880013,25.8333,34.1667
11.5000,51.29,0.497365,0.885930,25.8333,34.1667
11.5000,51.68,0.496789,0.891828,25.8333,34.1667
11.5000,52.08,0.497223,0.897707,25.8333,34.1667
11.5000,52.48,0.497375,0.903566,25.8333,34.1667
11.5000,52.87,0.497593,0.909405,25.8333,34.1667
11.5000,53.27,0.497792,0.915225,25.8333,34.1667
11.5000,53.66,0.497991,0.921025,25.8333,34.1667
11.5000,54.06,0.498185,0.926806,25.8333,34.1667
11.5000,54.46,0.498375,0.932567,25.8333,34.1667
11.5000,54.85,0.498559,0.938308,25.8333,34.1667
11.5000,55.25,0.498736,0.944029,25.8333,34.1667
11.5000,55.64,0.498905,0.949731,25.8333,34.1667
11.5000,56.04,0.499067,0.955412,25.8333,34.1667
11.5000,56.44,0.499218,0.961074,25.8333,34.1667
11.5000,56.83,0.499359,0.966716,25.8333,34.1667
11.5000,57.23,0.499487,0.972337,25.8333,34.1667
11.5000,57.62,0.499610,0.977939,25.8333,34.1667
11.5000,58.02,0.499696,0.983521,25.8333,34.1667
11.5000,58.42,0.499827,0.989082,25.8333,34.1667
11.5000,58.81,0.499737,0.994623,25.8333,34.1667
11.5000,59.21,0.499984,1.000144,25.8333,34.1667
11.5000,59.60,0.499901,1.005645,25.8333,34.1667
11.5000,60.00,0.499962,1.011126,25.8333,34.1667
12.0000,1.00,0.498436,0.058931,25.0000,35.0000
12.0000,1.40,0.500009,0.082243,25.0000,35.0000
12.0000,1.79,0.500122,0.105531,25.0000,35.0000
12.0000,2.19,0.500130,0.128785,25.0000,35.0000
12.0000,2.58,0.500171,0.151997,25.0000,35.0000
12.0000,2.98,0.500136,0.175162,25.0000,35.0000
12.0000,3.38,0.500076,0.198274,25.0000,35.0000
12.0000,3.77,0.500127,0.221327,25.0000,35.0000
12.0000,4.17,0.500086,0.244316,25.0000,35.0000
12.0000,4.56,0.518621,0.267235,25.0000,35.0000
12.0000,4.96,0.500005,0.290078,25.0000,35.0000
12.0000,5.36,0.506499,0.071186,25.0000,35.0000
12.0000,5.75,0.511581,0.076444,25.0000,35.0000
12.0000,6.15,0.572461,0.081701,25.0000,35.0000
12.0000,6.54,0.542652,0.086958,25.0000,35.0000
12.0000,6.94,0.552973,0.092215,25.0000,35.0000
12.0000,7.34,0.553516,0.097471,25.0000,35.0000
12.0000,7.73,0.557638,0.102726,25.0000,35.0000
12.0000,8.13,0.555521,0.107981,25.0000,35.0000
12.0000,8.52,0.574686,0.113234,25.0000,35.0000
12.0000,8.92,0.531677,0.118487,25.0000,35.0000
12.0000,9.32,0.630211,0.123739,25.0000,35.0000
12.0000,9.71,0.500643,0.128990,25.0000,35.0000
12.0000,10.11,0.610171,0.025161,25.0000,35.0000
12.0000,10.50,0.668507,0.026147,25.0000,35.0000
12.0000,10.90,0.892310,0.027134,25.0000,35.0000
12.0000,11.30,0.825490,0.028120,25.0000,35.0000
12.0000,11.69,0.848614,0.029106,25.0000,35.0000
12.0000,12.09,0.847675,0.030093,25.0000,35.0000
12.0000,12.48,0.852489,0.031079,25.0000,35.0000
12.0000,12.88,0.855188,0.032066,25.0000,35.0000
12.0000,13.28,0.857892,0.033052,25.0000,35.0000
12.0000,13.67,0.860074,0.034039,25.0000,35.0000
12.0000,14.07,0.861901,0.035025,25.0000,35.0000
12.0000,14.46,0.863350,0.036012,25.0000,35.0000
12.0000,14.86,0.864449,0.036999,25.0000,35.0000
12.0000,15.26,0.865186,0.037986,25.0000,35.0000
12.0000,15.65,0.865627,0.038973,25.0000,35.0000
12.0000,16.05,0.865550,0.039959,25.0000,35.0000
12.0000,16.44,0.865784,0.040946,25.0000,35.0000
12.0000,16.84,0.863221,0.041933,25.0000,35.0000
12.0000,17.23,0.869444,0.042920,25.0000,35.0000
12.0000,17.63,0.841246,0.043907,25.0000,35.0000
12.0000,18.03,0.938292,0.044894,25.0000,35.0000
12.0000,18.42,0.645960,0.045882,25.0000,35.0000
12.0000,18.82,0.554279,0.046869,25.0000,35.0000
12.0000,19.21,0.502593,0.047856,25.0000,35.0000
12.0000,19.61,0.500057,0.048843,25.0000,35.0000
12.0000,20.01,0.500127,0.682480,25.0000,35.0000
12.0000,20.40,0.542711,0.694936,25.0000,35.0000
12.0000,20.80,0.502305,0.707331,25.0000,35.0000
12.0000,21.19,0.505053,0.719665,25.0000,35.0000
12.0000,21.59,0.503939,0.731937,25.0000,35.0000
12.0000,21.99,0.504197,0.744147,25.0000,35.0000
12.0000,22.38,0.504143,0.756293,25.0000,35.0000
12.0000,22.78,0.504197,0.768375,25.0000,35.0000
12.0000,23.17,0.504244,0.780392,25.0000,35.0000
12.0000,23.57,0.504316,0.792343,25.0000,35.0000
12.0000,23.97,0.504403,0.804229,25.0000,35.0000
12.0000,24.36,0.504510,0.816047,25.0000,35.0000
12.0000,24.76,0.504636,0.827799,25.0000,35.0000
12.0000,25.15,0.504781,0.839482,25.0000,35.0000
12.0000,25.55,0.504946,0.851096,25.0000,35.0000
12.0000,25.95,0.505131,0.862641,25.0000,35.0000
12.0000,26.34,0.505340,0.874117,25.0000,35.0000
12.0000,26.74,0.505558,0.885522,25.0000,35.0000
12.0000,27.13,0.505849,0.896856,25.0000,35.0000
12.0000,27.53,0.505965,0.908120,25.0000,35.0000
12.0000,27.93,0.506916,0.919311,25.0000,35.0000
12.0000,28.32,0.505101,0.930431,25.0000,35.0000
12.0000,28.72,0.534011,0.941478,25.0000,35.0000
12.0000,29.11,0.500787,0.952452,25.0000,35.0000
12.0000,29.51,0.500169,0.963352,25.0000,35.0000
12.0000,29.91,0.500003,0.974179,25.0000,35.0000
12.0000,30.30,0.501906,0.074477,25.0000,35.0000
12.0000,30.70,0.519172,0.075448,25.0000,35.0000
12.0000,31.09,0.868011,0.076420,25.0000,35.0000
12.0000,31.49,0.780793,0.077391,25.0000,35.0000
12.0000,31.89,0.904055,0.078363,25.0000,35.0000
12.0000,32.28,0.870142,0.079334,25.0000,35.0000
12.0000,32.68,0.878675,0.080305,25.0000,35.0000
12.0000,33.07,0.875048,0.081277,25.0000,35.0000
12.0000,33.47,0.873913,0.082248,25.0000,35.0000
12.0000,33.87,0.871317,0.083219,25.0000,35.0000
12.0000,34.26,0.868283,0.084191,25.0000,35.0000
12.0000,34.66,0.864477,0.085162,25.0000,35.0000
12.0000,35.05,0.859923,0.086133,25.0000,35.0000
12.0000,35.45,0.854472,0.087104,25.0000,35.0000
12.0000,35.85,0.848192,0.088075,25.0000,35.0000
12.0000,36.24,0.840306,0.089047,25.0000,35.0000
12.0000,36.64,0.833071,0.090018,25.0000,35.0000
12.0000,37.03,0.817057,0.090989,25.0000,35.0000
12.0000,37.43,0.827246,0.091960,25.0000,35.0000
12.0000,37.83,0.735840,0.092931,25.0000,35.0000
12.0000,38.22,0.999138,0.093902,25.0000,35.0000
12.0000,38.62,0.523123,0.094873,25.0000,35.0000
12.0000,39.01,0.502742,0.095844,25.0000,35.0000
12.0000,39.41,0.500131,0.096814,25.0000,35.0000
12.0000,39.81,0.500002,0.097785,25.0000,35.0000
12.0000,40.20,0.500006,1.987999,25.0000,35.0000
12.0000,40.60,0.500049,1.988662,25.0000,35.0000
12.0000,40.99,0.499990,1.989288,25.0000,35.0000
12.0000,41.39,0.993653,1.989881,25.0000,35.0000
12.0000,41.79,0.490376,1.990440,25.0000,35.0000
12.0000,42.18,0.473449,1.990969,25.0000,35.0000
12.0000,42.58,0.471807,1.991468,25.0000,35.0000
12.0000,42.97,0.464052,1.991940,25.0000,35.0000
12.0000,43.37,0.458804,1.992386,25.0000,35.0000
12.0000,43.77,0.453319,1.992808,25.0000,35.0000
12.0000,44.16,0.448491,1.993206,25.0000,35.0000
12.0000,44.56,0.444054,1.993582,25.0000,35.0000
12.0000,44.95,0.440102,1.993938,25.0000,35.0000
12.0000,45.35,0.436612,1.994273,25.0000,35.0000
12.0000,45.74,0.433643,1.994591,25.0000,35.0000
12.0000,46.14,0.431048,1.994890,25.0000,35.0000
12.0000,46.54,0.429455,1.995174,25.0000,35.0000
12.0000,46.93,0.426503,1.995441,25.0000,35.0000
12.0000,47.33,0.431095,1.995694,25.0000,35.0000
12.0000,47.72,0.405763,1.995933,25.0000,35.0000
12.0000,48.12,0.463969,1.996158,25.0000,35.0000
12.0000,48.52,0.281329,1.996371,25.0000,35.0000
12.0000,48.91,0.498462,1.996573,25.0000,35.0000
12.0000,49.31,0.499836,1.996763,25.0000,35.0000
12.0000,49.70,0.499997,1.996942,25.0000,35.0000
12.0000,50.10,0.499826,1.320522,25.0000,35.0000
12.0000,50.50,0.499244,1.327568,25.0000,35.0000
12.0000,50.89,0.466917,1.334555,25.0000,35.0000
12.0000,51.29,0.495325,1.341483,25.0000,35.0000
12.0000,51.68,0.493732,1.348353,25.0000,35.0000
12.0000,52.08,0.494728,1.355165,25.0000,35.0000
12.0000,52.48,0.494973,1.361920,25.0000,35.0000
12.0000,52.87,0.495395,1.368617,25.0000,35.0000
12.0000,53.27,0.495767,1.375257,25.0000,35.0000
12.0000,53.66,0.496145,1.381839,25.0000,35.0000
12.0000,54.06,0.496514,1.388365,25.0000,35.0000
12.0000,54.46,0.496874,1.394833,25.0000,35.0000
12.0000,54.85,0.497224,1.401246,25.0000,35.0000
12.0000,55.25,0.497562,1.407602,25.0000,35.0000
12.0000,55.64,0.497887,1.413902,25.0000,35.0000
12.0000,56.04,0.498196,1.420147,25.0000,35.0000
12.0000,56.44,0.498487,1.426337,25.0000,35.0000
12.0000,56.83,0.498763,1.432471,25.0000,35.0000
12.0000,57.23,0.499005,1.438550,25.0000,35.0000
12.0000,57.62,0.499258,1.444575,25.0000,35.0000
12.0000,58.02,0.499384,1.450546,25.0000,35.0000
12.0000,58.42,0.499724,1.456462,25.0000,35.0000
12.0000,58.81,0.497712,1.462325,25.0000,35.0000
12.0000,59.21,0.499990,1.468134,25.0000,35.0000
12.0000,59.60,0.499992,1.473890,25.0000,35.0000
12.0000,60.00,0.499998,1.479593,25.0000,35.0000
